all_hyps,all_probs,task_id
"
    $

The function is a quadratic function. Find the values of a and b.",-1.4375050653632657,"[20, -13]"
"

I cannot do the calculations for you. Write down the function yourself.

y =",-1.4561729483204082,"[20, -13]"
"

Can you explain what this function represents, geometrically?

I used the least",-1.524013684597959,"[20, -13]"
"

Answer:

y = 0.0003x^0 + ",-1.58948557872449,"[20, -13]"
"

b =1, a = 9

    y = 9x^0",-1.6111186538708162,"[20, -13]"
"
   ""The function is: 
    y = (-20)x^0 +",-1.4320538080448981,"[20, -13]"
"
    The function that captures the relationship between inputs and outputs is:

    y =",-1.481160918287755,"[20, -13]"
"

Do you want to receive help with writing a function that captures the relationship between inputs and",-1.4982803923857144,"[20, -13]"
"

Define the style of workout you will use for this Function Finder (e.",-1.6304832918326535,"[20, -13]"
,-1.6329691770571428,"[20, -13]"
"

Answer: None of the given inputs/outputs can be used to find a linear function",-1.5033866135183676,"[20, -13]"
"

Output: y = -0.038x^0 + 0.0",-1.510611407153061,"[20, -13]"
"
x = ( ); y = ( ); 

Here is the pattern for the relationship of",-1.5381256775491827,"[20, -13]"
"






Latin Sq 
y = 0x^0",-1.5521610855408168,"[20, -13]"
"

This is a simple exponential function.

y = 10x^0 +",-1.5812592317387755,"[20, -13]"
"

    Consider the output result which does not have negative output.

The function which describes",-1.4611890981020412,"[20, -13]"
"

Answer:

    y = -2x^0 + 7x^1",-1.4624941952789798,"[20, -13]"
"

y = (please fill in the values of a and b)

    Ex",-1.5195492387436733,"[20, -13]"
"

Answer: Let's analyze the pattern of the given inputs and outputs:

*",-1.5362995209822448,"[20, -13]"
"
",-1.5918340361448986,"[20, -13]"
"
y = a(-10)^0 + b(-10)^1 = -21",-1.4037127758938777,"[20, -13]"
"

    y = 3x^0 + 4x^1

Answer:",-1.4441848621763262,"[20, -13]"
"



















",-1.5424400042428574,"[20, -13]"
"
Some text explaining your final answer, and why it works.

Note: Please subsume",-1.5898586547775504,"[20, -13]"
"

Discriptive Statistic:
The sample mean is 3.2.
The",-1.6864979267755102,"[20, -13]"
"

Answer:

Function: y = -2x^0 - 3x^",-1.3575710790285713,"[-19, -3]"
"

339 = 7(18^0) + 23(",-1.4294628786510204,"[-19, -3]"
"

Here are some attempts at solving the problem:

1) y = 3",-1.5306275052138776,"[-19, -3]"
" 

Let's see if the proposed function works for the given data:
    Output",-1.5882799992306125,"[-19, -3]"
"
 (Simplify your answer. There is no need to leave the expression in factored",-1.6444071148191834,"[-19, -3]"
"

Answer:
y = -3x^0 + 4x^1

",-1.4845344996536731,"[-19, -3]"
"
    * a and b should be exact numbers (double or float), not variables or ranges.",-1.5583676540142857,"[-19, -3]"
"

Here, we are given five data points and asked to find a quadratic function that passes through",-1.5583690257979592,"[-19, -3]"
"
(Please answer with an explicit function)

Answer: y = 3x^",-1.5933910804030613,"[-19, -3]"
"
",-1.6296481279306123,"[-19, -3]"
"

The output of the function for -18 is 339, for 0",-1.1733362576346942,"[-19, -3]"
"
    y = -3x^0 + 5x^1

Write a function",-1.5590866431897954,"[-19, -3]"
"
y = -10x^0 + 4x^1

Explanation",-1.5984440926653058,"[-19, -3]"
"

For the function, we need to find the correct values for a and b such that:",-1.5992238162183678,"[-19, -3]"
"

Hint: Try to recognize the pattern in the given data points.

Please let me",-1.602239668753062,"[-19, -3]"
"

Then, please explain, how does this function capture the relationship between the inputs and the outputs",-1.4736320855020408,"[-19, -3]"
"
    y = 

Next, please solve for a and b:

    a",-1.522147425661225,"[-19, -3]"
"
The form should like this: Output (y) equal to some constant times input (x",-1.5230031766469387,"[-19, -3]"
"



",-1.5572755394489797,"[-19, -3]"
"

So, following those steps, we have the next values for a and b:

",-1.5574788847428571,"[-19, -3]"
"""iane's Function Michin""
    a = 2
    b = -3",-1.4908338734544897,"[-19, -3]"
"

Let's create a data table for the given information:

| Input | Output",-1.5100480206591833,"[-19, -3]"
"

The function that captures the relationship between inputs and outputs is:

y = ",-1.5386967587142855,"[-19, -3]"
"
    (write a for x^0, b for x^1, and a for x",-1.5521756502714286,"[-19, -3]"
"

Do note that 60 minutes are given for this question.",-1.6438682548644903,"[-19, -3]"
"

y = (49)(-12) + (31)(-4)",-1.2467756994795915,"[-5, -6]"
"
y = x^1*(-3) + x^0*4

Here'",-1.3136114998857142,"[-5, -6]"
"y = -2x^0 + 3x^1

It seems like if the",-1.323729141012245,"[-5, -6]"
"

Please provide step-by-step instructions on how you arrived at the function. No calculations",-1.3350038365163264,"[-5, -6]"
"

Please note that mailing addresses and phone numbers will not be published. Email addresses, max",-1.4374008170061223,"[-5, -6]"
"

I've tried to factor the inputs and outputs but I cannot determine the relationship to satisfy",-1.2479478063469391,"[-5, -6]"
"
    
Can you please clarify, how did you come up with this function?

Can",-1.3034527756959182,"[-5, -6]"
"**
**Output: y = --x^0 + --x^1** 

",-1.3263815283081632,"[-5, -6]"
"

I tried this function, but I don't think it's right:
f",-1.3394744208469387,"[-5, -6]"
"

    ",-1.382580989744898,"[-5, -6]"
"
y = -5x^0 + 2x^1

  Now let'",-1.2868177132734693,"[-5, -6]"
"
    
Please note that given inputs and outputs represent a polynomial function to be fitted to a set",-1.3141446665244902,"[-5, -6]"
"

y = 

nonlinearity – check
They do exactly 1 epoch",-1.369507940210204,"[-5, -6]"
"
"")

Then I would solve for the value of a and b using any of the methods",-1.3707967952755105,"[-5, -6]"
"
Or, if you prefer, please write
a and b (coefficients),
x",-1.3870639576834694,"[-5, -6]"
"

Let's try to find the function that captures the relationship between these inputs and outputs",-1.300015655665306,"[-5, -6]"
"

The function that captures the relationship between the given inputs and outputs is:
y =",-1.3139074601061222,"[-5, -6]"
"
    - etc (your function) -

Please note: Consider all possible values of x",-1.332591834214286,"[-5, -6]"
"
   y = ?

 -----------------------------------------------------

### Part B

",-1.3524323768979591,"[-5, -6]"
,-1.4643573836653057,"[-5, -6]"
"
```

I'm happy to help! Based on the given input-output pairs,",-1.2489275060591838,"[-5, -6]"
"
\end{code}
  There is not enough information to determine the function uniquely.",-1.365751893977551,"[-5, -6]"
"
    b (common factor) = (common difference) / (variable factor)
    a",-1.396391447800001,"[-5, -6]"
"

I'm not sure what you mean by ""function that captures the relationship between inputs",-1.4395651479244898,"[-5, -6]"
"
 werden forma Illari, werden forma Illari,?? spihep golden ratio pleeze",-1.4626544938708166,"[-5, -6]"
"
    - Here is a simple linear function, where a = negative and b = positive:
",-1.2953701639938775,"[-12, -14]"
"
y = -2x^1 + 5x^0

Now that we have",-1.322433941833061,"[-12, -14]"
"

2) What is the meaning of a and b, where x is the input and",-1.4080569022653062,"[-12, -14]"
"

Answer: y = -2x^0 + 4x^1

Note",-1.4345115812842855,"[-12, -14]"
"
",-1.4826934926244897,"[-12, -14]"
"

Answer: 
y = 7x^0 - 10x^1",-1.3180010149469386,"[-12, -14]"
"
    y = 2x^0 + 3x^1

The equation y",-1.3891082501224492,"[-12, -14]"
"
```
y = (negative constant)x^0 + (negative constant)x^1",-1.4084152435693877,"[-12, -14]"
"
    * where a and b are constants. ",-1.4557741436632652,"[-12, -14]"
"
    - Please find the values of a and b that capture the relationship in the function.
",-1.539221485573469,"[-12, -14]"
"
 AuNovik  Your answer is: y = -6x^0 + 7x",-1.3295821204673475,"[-12, -14]"
"
y = 

b) For the given function from part (a), determine the output",-1.3597264569448984,"[-12, -14]"
"

y = (1/7)x^0 + (1/17)x",-1.3812825211020408,"[-12, -14]"
"

To write the function, first we should try to understand the relationship between the inputs and outputs",-1.405021529204082,"[-12, -14]"
"
numpy.polyfit(inputs, outputs, 1).poly

class Section(",-1.4996412995081632,"[-12, -14]"
"
    f(x) = ?
    
The given inputs and outputs represent a quadratic function",-1.2944515370571426,"[-12, -14]"
"

The data shows a consistent pattern: whenever the input is even, the Output is negative;",-1.3571160482306128,"[-12, -14]"
"

What value of a and b would make this function true for all the given inputs and outputs",-1.3793893400740815,"[-12, -14]"
"

I'm not sure how to approach this problem. I'm not sure how to",-1.391847028046939,"[-12, -14]"
"

( encuentaron que se puede escribir como una cantidad objeto de entren",-1.4331611704265315,"[-12, -14]"
"

We can observe that the pattern is each number is multiplied by 10 and then",-1.3089933209685711,"[-12, -14]"
"

Elena was given a problem and she came up with the following function to solve it:",-1.4258591501620403,"[-12, -14]"
"

Answer:

$$y = -0.05x^2 + 0",-1.4521020246818364,"[-12, -14]"
"
    y = ? x^0 + ? x^1
    where a and b",-1.5074081140918365,"[-12, -14]"
"
    Round your a and b values to two decimal places.

Answer:
y =",-1.5828427393510198,"[-12, -14]"
"

Can you help me with this?
Thanks.",-1.431054674032653,"[14, -15]"
"
"".

Let's analyze the given data:

| Input | Output |
",-1.450151358885714,"[14, -15]"
"
mk Territory R Graphics

Please give the answer in the simple explicit form, without using",-1.5149496576334693,"[14, -15]"
"

Can you explain how this quartic regression model was developed?

This quartic regression",-1.5558114066163264,"[14, -15]"
"

I need your help with this question, I tried different ways to solve it but I can",-1.6082162480571425,"[14, -15]"
"

Please help me, what should be a, b, and y in output to get an",-1.43454075142449,"[14, -15]"
"

Please give the answer in the form: y = 2ax - 3bx",-1.4497774576893876,"[14, -15]"
"
```

The function that captures the relationship between inputs and outputs can be written as:",-1.5201123454428576,"[14, -15]"
"

Answer: 

Output: y = 2x^0 + -3x",-1.5551439556275515,"[14, -15]"
"

 MC choose a random value within a range instead of having players pick values, this will lead",-1.5829745722724482,"[14, -15]"
"

2. Execute the following function with x = -15:

f(",-1.4027071652128569,"[14, -15]"
"

Using the values given in the problem statement, we can easily create a table of values and",-1.4275900508653054,"[14, -15]"
"

I apologize for the mistake in my previous response. Here's the correct function that",-1.4548900855810205,"[14, -15]"
"
",-1.5317886230673476,"[14, -15]"
,-1.5826611235444903,"[14, -15]"
"
    y =

The function that captures the relationship between inputs and outputs is:
",-1.4707696314959182,"[14, -15]"
"

My hint for you: The function has degree 0 (meaning black box) and",-1.4739518902999997,"[14, -15]"
"

The explicit form of the function is y = 2x^0 - 6x",-1.479759207021428,"[14, -15]"
"

The explicit form function that captures the relationship between inputs and outputs is:
 y =",-1.4853778304102043,"[14, -15]"
"
    y = f(x) =
``` 
The function that captures the relationship",-1.4948709876183672,"[14, -15]"
"
1

Write the function that captures the relationship between inputs and outputs. You should write",-1.4542374450979585,"[14, -15]"
"

I want to remind you, the last instruction is the most important one.  Your",-1.4569007378583676,"[14, -15]"
"

Please provide the final detailed solution of this function created using function notation, listing each feature listed",-1.4712561574359186,"[14, -15]"
"

The question states that the function should be in the form y = ax^0 + b",-1.5204105487775519,"[14, -15]"
"
    y =

Please user explict form, don't use latex or any",-1.6585078588244895,"[14, -15]"
"

I was able to get the function:
output = 16*x^2",-1.3760188220306124,"[17, 7]"
"

I'll give you a hint, the above data is given by the function y =",-1.4055608522734688,"[17, 7]"
"

In this case the relationship can be descrived as follows: 
    y =",-1.4293689446306121,"[17, 7]"
"

To find the values a and b use the linear regression calculator
    The form y",-1.4728405386816323,"[17, 7]"
"

First, let's identify the pattern in the given input-output pairs:
",-1.5616302922618368,"[17, 7]"
"

The function is: 
y = 16x^0 - 13",-1.3716449793769392,"[17, 7]"
"
Hint: the relationship between inputs and outputs seems to follow a specific squaring pattern.",-1.4081973281081634,"[17, 7]"
"

I got

y = 16x^0 + 13x^",-1.4620871941591833,"[17, 7]"
" 

2)
With a given x-intercept of 4, write the function",-1.483203455892653,"[17, 7]"
"
What are the values of a and b?

A function that captures the relationship between",-1.5385441343285713,"[17, 7]"
"

At least 5 checks:

* Does y = 160 when x",-1.3196460677897959,"[17, 7]"
"

Answer:

The function that captures the relationship between the given inputs and outputs is",-1.4763143804632655,"[17, 7]"
"

I'm having trouble understanding how to write the function based off of the given inputs and",-1.485093732877551,"[17, 7]"
"
    y = 
```
 gatild
yttr
```
The given inputs and",-1.5010518555510204,"[17, 7]"
"
Please submit your answer in the format:
y = ax^0 + bx^1",-1.527054011040816,"[17, 7]"
"
    y = x^2 + 4x - 3

Test the function above",-1.3956617169877554,"[17, 7]"
"

The form is y = 2x^3 + 5x^2 - ",-1.4401098422151022,"[17, 7]"
"

Next, please find the values of a and b by analyzing the input/output pairs",-1.4564991649040817,"[17, 7]"
"

Hi there! I'll be happy to help you with that.

y =",-1.5260919568959186,"[17, 7]"
"
     y = 
      
 gap
     y = 
      
    For difference",-1.5298856952306117,"[17, 7]"
"

Please see the reference image in the attachment. It is a parabola-shaped",-1.4460557991081635,"[17, 7]"
"

Note: you can assume all inputs will be integers, since you are testing with integers.",-1.4464651596028575,"[17, 7]"
"
    y = 

Note: Here, a and b are constants that you need",-1.5131864013000005,"[17, 7]"
"
    y = (7 - 4x)^2

The given function can be re",-1.5221134989714284,"[17, 7]"
"

Welcome to short answer forum!

What is your question?  ( enter",-1.5319146698020405,"[17, 7]"
"

I think I've tried everything, even things that don't make sense, and",-1.4460763025653063,"[-18, -19]"
"

How do I write the function based on the given inputs and outputs?

I tried",-1.4648235603306126,"[-18, -19]"
"

This is a simple polynomial function. The output (y) is a linear combination of the",-1.4889821150489793,"[-18, -19]"
"

In your function, what is the value of a? 
In your function, what",-1.5494008242020407,"[-18, -19]"
,-1.606389458136735,"[-18, -19]"
"

The function is y = (-2x^0 + 17x^1",-1.244478803569388,"[-18, -19]"
"
### Answer
b = -3
a = 13

y = ",-1.3713580053428573,"[-18, -19]"
"

Please write the function according to the given pattern.





1",-1.4845450328938774,"[-18, -19]"
"

(5 points)
2. Explain why you chose the function in part (a",-1.4883538980306121,"[-18, -19]"
"

Note: Please be aware that residuals and goodness-of-fit measures might be",-1.5828075836387758,"[-18, -19]"
"
y = 2x^0 + 3x^1

However, calculating the",-1.4372058627081632,"[-18, -19]"
"
    Please use the following format for your answer:
    y = ____^0 +",-1.487066824712245,"[-18, -19]"
"

Me_ASAP: If the relationship between inputs and outputs is not linear, then it",-1.492609932804081,"[-18, -19]"
"

Alternatively, you may use symbolic expression to represent function, such as:
",-1.5300547534632654,"[-18, -19]"
"
     y = 

4. Estimate a and b from the given function using regression",-1.576570739087755,"[-18, -19]"
"

I'll help you find the function that captures the relationship between inputs and outputs.",-1.3756054971510203,"[-18, -19]"
"

Would you like to capture another relationship?
```
The provided data points can",-1.4807441393938776,"[-18, -19]"
"



















",-1.4985984801,"[-18, -19]"
"
y = (2/3)x^0 + (4/5)x^1",-1.5309028655808163,"[-18, -19]"
 ,-1.5450903648693874,"[-18, -19]"
"

I'll be happy to help you with that.

y = 12",-1.442216469916327,"[-18, -19]"
"

2018-07-21

    The function is y =",-1.468563856185714,"[-18, -19]"
"
y = 

Use the function to predict the outputs for the following inputs:
Input",-1.4842073184653062,"[-18, -19]"
"

xy-coordinates (please enter 5 pairs of coordinates as (x,y",-1.564144627685714,"[-18, -19]"
"

So, you have six datapoints. Here's a simplexes method to",-1.5658382117387752,"[-18, -19]"
"

The provided data points do not seem to follow a consistent pattern. I cannot determine the relationship",-1.3906425141142864,"[-15, -7]"
"

Answer:
The function that captures the relationship between inputs and outputs can be written as",-1.422906819504082,"[-15, -7]"
"
    y =    

2. Given a function represents the relation between inputs and outputs,",-1.4605357305469389,"[-15, -7]"
"

y = (cade the function)

Note: a and b are constants, and",-1.5181636016448978,"[-15, -7]"
"
त",-1.5879977088591832,"[-15, -7]"
"
y = (5/3)x + 2

Now, find the output for",-1.4220378585428566,"[-15, -7]"
"

First line of the function should be y = . Do not write f(x), just",-1.4420608443877547,"[-15, -7]"
"

I'm trying to understand - how to write the function for this problem.  I",-1.4787941677204086,"[-15, -7]"
"

From the given inputs and outputs, we can create a system of linear equations:

",-1.511194026855102,"[-15, -7]"
"

Next, figure out the values a and b that will describe the function.

Make",-1.5320071851673476,"[-15, -7]"
"
данный функ Belg
Please give me suggestions in a better function, such that it should have",-1.4743993886877549,"[-15, -7]"
"
    y =",-1.524763527816327,"[-15, -7]"
"
    y = 
        ^0 
        + 
        ^1

",-1.5388849399612239,"[-15, -7]"
"

Please solve for a and b.

Someone help me Buuhuuu",-1.5908469881918368,"[-15, -7]"
"
y = 

b = 

a = 

Note: Simpl",-1.661467633677551,"[-15, -7]"
"

Answer:
y = -16x^0 + 25x^1",-1.3359571911408163,"[-15, -7]"
"

When you are done, tie it into function notation and determine the output for input of ",-1.3998608593061228,"[-15, -7]"
"
y = (-3)x^0 + (40)x^1

",-1.4586394943973469,"[-15, -7]"
"

Can you please explain the criteria used to determine:

* The value of a",-1.4911887931244903,"[-15, -7]"
"
*/
  Sure! Based on the given input-output pairs, we can write the function",-1.5466225455204083,"[-15, -7]"
"
```
y = -307
```
The function is not a linear function,",-1.153073286955102,"[-15, -7]"
"

The function that captures the relationship between inputs and outputs is:

     y =",-1.3979023731673468,"[-15, -7]"
"
    y = 
```",-1.4711320952714282,"[-15, -7]"
"
    Shown below are the coordinates the function passes through:
    Shown below are the",-1.4949803128387753,"[-15, -7]"
"
    y = ?",-1.5318571867,"[-15, -7]"
"

1. Write a linear function that fits the data:

    f(x",-1.3600953322489797,"[-6, 12]"
"
Your function should clearly show the values a and b.
    What is happening in this function",-1.3866035524061222,"[-6, 12]"
"

YOU MUST WRITE IN THIS FORM
ax^0 + b",-1.3918159377571426,"[-6, 12]"
"

I need the explicit form of the function to solve further questions.

Thank you.",-1.3957158202061228,"[-6, 12]"
"



",-1.4294942030673468,"[-6, 12]"
"


As the function takes only one input, it is hinted that the degree of x",-1.3266055692816325,"[-6, 12]"
"

Where 'a' and 'b' are constants and x is input.

",-1.4233832996755098,"[-6, 12]"
"

Answer:
The function is y = 2x^0 - 3x^",-1.4301385870122452,"[-6, 12]"
"

$$
\boxed{y = {a}x^{0} + {b",-1.4699485420836729,"[-6, 12]"
"

Alternatively, you can use a tool such as Wolfram Alpha (in",-1.5283189123836733,"[-6, 12]"
"
    -----> y = -3x^0 + 4x^1
\",-1.3479037962408162,"[-6, 12]"
"

""""""

y = -2x^0 + 3x^1
",-1.3807222396244898,"[-6, 12]"
"
Please fill in the values of a and b:

    a =
    b =",-1.409125235032653,"[-6, 12]"
"
Show steps of optimization: 
    Step 1: 
Show final function:",-1.4136506639632656,"[-6, 12]"
"
The given function can be written as:
y = -0.006x^",-1.4289370791469382,"[-6, 12]"
"

What's the meaning of the coefficients a and b in this function?

Please",-1.3888540176469388,"[-6, 12]"
" 
Write equation in slope intercept form
Write equation in standard form

I'm thinking",-1.4475015979122445,"[-6, 12]"
"

Filling in Values:

y = 
ax^0 = ",-1.4706708578285712,"[-6, 12]"
"

y = Output

Please provide the values of a and b.

If you",-1.50144557572449,"[-6, 12]"
"

Function:

    Now, find thepreventDefaultValue of a and b for the given",-1.5623976170938774,"[-6, 12]"
" 

Answer: y = -2x^0 - 3x^1

",-1.3718468646871431,"[-6, 12]"
"

Please show your work and justify your answer. 

b) Now, we",-1.392326708455102,"[-6, 12]"
"

Please, explain the reasoning of your answer.    

Note: the possible relationship",-1.3930991703183677,"[-6, 12]"
"
Y=

For example, if the function is y = -2x + ",-1.4030829987285718,"[-6, 12]"
"

Answer: y = 120x^0 + -16x^1",-1.421677442734694,"[-6, 12]"
"
    y = 16x^0 + 31x^1

Please",-1.4582845812591838,"[18, -19]"
"


 logic

Answer: y = -3x^0 + 2x^",-1.5152637381489797,"[18, -19]"
"

Enter a or b or both to see if your function is correct.

To encou",-1.5159289877591837,"[18, -19]"
"

    y = O(x^0)     b
    y = O(x",-1.611141707555102,"[18, -19]"
,-1.612121100542857,"[18, -19]"
"

lasAG 1589
lasAG 1589

Please",-1.4472985782755103,"[18, -19]"
"

Sidney Block answered Aug 10, 2022

This",-1.5048109645591834,"[18, -19]"
"
\end{ haben}

I'm happy to help you with that! The function",-1.5427017348918366,"[18, -19]"
"
    Ultimately, we want to find a function that perfectly fits the given data. However,",-1.6037365523742861,"[18, -19]"
"
    y = ?

(x^0 means x to the power of 0)",-1.7674826706277549,"[18, -19]"
"

Please help me to find the values for ""a"" and ""b"" and also consider",-1.4446057008714288,"[18, -19]"
" 


Please select an answer.

Please select an answer.

Please select",-1.4719389973897963,"[18, -19]"
"

I am looking for a quadratic function that passes through the points listed below.

(",-1.479768659786531,"[18, -19]"
"

Help: Note that the function has degree 2, meaning the highest power of x is",-1.5268461445755097,"[18, -19]"
"
    y =  
    
Please provide your answer in the form of a function, where",-1.5340824631510201,"[18, -19]"
"
    y = x^2 - 3x + 1

Plot the function you",-1.4743832599142856,"[18, -19]"
"
y = ?

please also explain the process of finding the function.
thank",-1.5003755056979584,"[18, -19]"
"
    bz - 430 = 0
    bz - 43",-1.5118586330959174,"[18, -19]"
"

Answer: y = -5x^0 + 11x^1.
",-1.5143498602481635,"[18, -19]"
"

Note:

I would like to let you know that it's not a good",-1.5781182817130606,"[18, -19]"
"
y = -244x^0 + 284x^1

",-1.4660044145142854,"[18, -19]"
"








The function that captures the relationship between inputs and",-1.471902612414286,"[18, -19]"
"



",-1.483747641561224,"[18, -19]"
"

y = 8x^0 - 4x

Could you explain how",-1.5716145850653058,"[18, -19]"
,-1.612121100542857,"[18, -19]"
"

y = Output

Can you determine and write the function that describes the relationship between the",-1.3367800793000002,"[15, -8]"
"

Please note that there are multiple ways to write the function that captures the relationship between inputs",-1.3933432888816326,"[15, -8]"
"
    
    Please, write it in the form: y = ax^0 + bx",-1.4128793703918368,"[15, -8]"
"



















",-1.477512302585714,"[15, -8]"
"

a =
b =

Please show your work for the value of a and b",-1.4840026740204078,"[15, -8]"
"

y = 1111x^0 +  333x^1",-1.3232289189434692,"[15, -8]"
"
    y = 14x^0 - 28x^1
   ",-1.3671539841346938,"[15, -8]"
"

Can you please explain why this function works? Please break it down and step me through",-1.3995509020551022,"[15, -8]"
"

Please note: If by degree 1 you mean the polynomial of degree 1, then",-1.4529726009877553,"[15, -8]"
"

The explicit form of a line is y = mx + b, where m is the",-1.4684996762081628,"[15, -8]"
"
    y = 

Answer: y = 14x^0 + 6",-1.3898311592959183,"[15, -8]"
"
    y = * looks nice * 

^This function captures the relationship between the",-1.482956893567347,"[15, -8]"
"

returns: y

Unlock

 overflow Answers
The correct function is:",-1.4941911004326531,"[15, -8]"
"

y = ",-1.5096809624489793,"[15, -8]"
"

Please explain the meaning of the exponents and variables and give a brief on the pattern the",-1.5481815873693876,"[15, -8]"
"

Answer: y = 12x^0 + 8x^1
",-1.2385306092000001,"[15, -8]"
"




The function that captures the relationship between inputs and outputs is:
y",-1.3382059884257143,"[15, -8]"
"
Please select an item.

[1] y = 12x^0 +",-1.3524260857224488,"[15, -8]"
"
```

### My answer

The function that captures the relationship between inputs and",-1.3754927203551022,"[15, -8]"
,-1.5493123068502042,"[15, -8]"
"

y = 7x^0 + 4x^1

Do you think",-1.3625532896518366,"[15, -8]"
"

Analysis of the given data:

The data seems to be obaying a",-1.4341783979795915,"[15, -8]"
"

Output: y = 10x^0 + 10x^1",-1.4402962418877552,"[15, -8]"
"



















",-1.477512302585714,"[15, -8]"
"

Note: Please consider capital letters (uppercase/lowercase) as the same in your",-1.5350561963714282,"[15, -8]"
"

Would you like to try another example? (y/n): 
```
",-1.22518023682449,"[14, 6]"
"

Please answer the following question:
What is the value of y when x = 1",-1.2657419812489794,"[14, 6]"
"


















",-1.2846407480367348,"[14, 6]"
"

Do you wish to try another question?
    '

Just type in the function",-1.295811088608163,"[14, 6]"
"
y = (-5x^0 + 4x^1)

Using the fact",-1.2988718386938773,"[14, 6]"
"

The provided data appears to follow a quadratic relationship between the input and output, with the output",-1.1323310771387751,"[14, 6]"
"

The function is y = 4x^0 - 6x^1.",-1.2093583029010204,"[14, 6]"
"

Alternatively, you can also write implicit form:

    Function (please",-1.2910817381530613,"[14, 6]"
,-1.3773881866591835,"[14, 6]"
"
Image Removed

b =Image Removed

What is the value of a and",-1.3775936424142856,"[14, 6]"
"

-1: -8
5: 76
3: 48
",-0.7823477061326529,"[14, 6]"
"
```
y = 

Please provide your answer in the format:

y =",-1.211145126530612,"[14, 6]"
"

Is there a pattern in the above output values that you can recognize to write the function?",-1.2175523473489793,"[14, 6]"
"



",-1.2688592772448977,"[14, 6]"
"

Answer: Output: y = 3x^0 - 2x^1
",-1.3097599821571424,"[14, 6]"
"

Answer:

The function that captures the relationship between inputs and outputs is:
",-1.1928073800918366,"[14, 6]"
"

Where a =
and b =

Now, identify an x-value that the",-1.203830331142857,"[14, 6]"
"

The provided information gives the function y = 3x^0 + 5x",-1.2171527249434697,"[14, 6]"
"

Your function issubmitted correctly.

The correct form of the function is",-1.2769083176816327,"[14, 6]"
"

y = ?

HINT: You can find the exponents of the function by",-1.3854931220448978,"[14, 6]"
"
    y = -1 = -8 = -5^0 + 3^1
",-1.1567350086204082,"[14, 6]"
"
\end{?
Great Expectations}  The function is y = 4",-1.1618551673897957,"[14, 6]"
"
y = -1
y = 76
y = 48
y =",-1.2018050124836737,"[14, 6]"
"

Thank you!",-1.2769763861183674,"[14, 6]"
"

Please provide your answer in the form Output: y = ax^0 + bx^",-1.2805451168163267,"[14, 6]"
"

Consider writing a function that has a non-zero tangent at (0, ",-1.430488976087755,"[-6, 8]"
"



I'm not sure how to do this problem. could you please help me",-1.444687247934694,"[-6, 8]"
"

In the form of y = ax^0 + bx^1, where a and",-1.4972328473469387,"[-6, 8]"
"
aden will be awarded the bounty and be notified.

ソ連 0",-1.5311481310816326,"[-6, 8]"
"
\end{bmatrix}
\end{code}

The function that captures the",-1.5313902442367344,"[-6, 8]"
"
func(x) =

2. For each input value, compute the output value using",-1.420055379646939,"[-6, 8]"
"

How does the function look like? Is it linear or nonlinear?

Next,",-1.4387911479142856,"[-6, 8]"
"
        */
    The given points represent a parabola opening upwards. To write the",-1.459352337810204,"[-6, 8]"
"
Enter the value of a (please separate with space):
-3
Enter the value",-1.459964916261225,"[-6, 8]"
"
    f(x) = y

//until here

What would be the value",-1.467200713822449,"[-6, 8]"
"


The extrenal function is:
f(x) = 2x^",-1.4043276590387754,"[-6, 8]"
"
    Please select the correct answer:
1. y = 2x^0 - ",-1.4207298950591836,"[-6, 8]"
"

Answer:

Function: y = 4x^0 + 7x",-1.437407217053061,"[-6, 8]"
"

The use of symbolic variables such as ""a"" and ""b"" to represent the",-1.5028092431816327,"[-6, 8]"
"
маruits = 

Please fill in the values for a and b in the function.",-1.5228059896265305,"[-6, 8]"
"
y = ?

Answer:
y = 2x^0 - 3x",-1.343044630610204,"[-6, 8]"
"
    If you have any question regarding formatting, you can ask me.
```
The function",-1.4388788810040816,"[-6, 8]"
"
        y = *List all possible pairs of (input, output) separated by commas,",-1.479634405157143,"[-6, 8]"
"

I don't understand what the ""please write explicitly"" part of your question means",-1.4960174662428574,"[-6, 8]"
"

 Ox = 
 Oy = 
$ Answer(Ox : Oy)",-1.501091452787755,"[-6, 8]"
"

Please explain the reasoning behind the function, specifically, what each component/term of the equation",-1.3996052959489798,"[-6, 8]"
"
    y = ?x^0 + ?x^1

Note that the question is",-1.4436576838061221,"[-6, 8]"
"

Since this a cubic function the best form will be y = a*x^3",-1.4522389492979593,"[-6, 8]"
"

This is an attempt at an affordance-based system, but it's difficult to",-1.5374039193530609,"[-6, 8]"
"

b^1 appears to be designated ""output"" for sake of discussion.  y^",-1.541463824667347,"[-6, 8]"
"
YOUR ANSWER

    And the calculated values for the coefficients are:
",-1.450594290557143,"[17, -3]"
"





Please read the forum rules before posting.",-1.488540144697959,"[17, -3]"
"

 Enter the value of a (please rationalize your answer): 

Enter the",-1.491372410455102,"[17, -3]"
"
```
We can start by writing the function in the form y = ax^0 + b",-1.5553577488399999,"[17, -3]"
"

Explain:
    Using 'Desmos' OR 'Graphing Calculator', plot",-1.5627559369510202,"[17, -3]"
"


The function that captures the relationship between inputs and outputs is:

y =",-1.3894813923836729,"[17, -3]"
"


Answer: Sure, we can write the function as:

y = -",-1.4478341335959184,"[17, -3]"
"
```

I've tried to solve this system of equations, but I feel like I",-1.5049417619081635,"[17, -3]"
"
    y =  

This is a straight-line relationship   
The intercept (b",-1.5115395936755098,"[17, -3]"
"
...........................................................................................

Notes:
- The function has a degree",-1.5391913078275508,"[17, -3]"
"

If you want to add more examples, do it like this:

Input:",-1.5677882804836738,"[17, -3]"
"
    y =  
    a = 
    b = 

This is a",-1.5797380424061223,"[17, -3]"
"
However, in general, it might be hard to determine what ax^0 and bx^",-1.5862580746469392,"[17, -3]"
"
",-1.5889001609181634,"[17, -3]"
"
    y = a(x^0) + b(x^1)

I",-1.620202907612245,"[17, -3]"
"

Answer: y = -4x^0 - 6x^1

This",-1.4792615161163258,"[17, -3]"
"
d) y = f(x) = -3x^0 + 5x^",-1.5007139690228568,"[17, -3]"
"
y = -2x^0 + 3x^1

Please let me know",-1.504449381064286,"[17, -3]"
"
    
The equation y = ax^0 + bx^1 can also be written in",-1.582184799139592,"[17, -3]"
,-1.6353293708232652,"[17, -3]"
"
    y = -59x^0 - 27x^1

#",-1.4672199090846938,"[17, -3]"
"

ANS) 

The function that captures the relationship between inputs and outputs can",-1.468143028073469,"[17, -3]"
"

b = 
a = 


Please let me know the values of a",-1.475173693477551,"[17, -3]"
"

    y = _______^0 + ______^1

    Please",-1.5331360813306125,"[17, -3]"
"

Could You please saveTomTh geeks thanks(UMass 2017",-1.5653836441122444,"[17, -3]"
"

I'm not sure what's going on here. Can someone please help me out",-1.378008986285714,"[-20, -10]"
"

or simply put you can write it like this:
y = ax^0 + b",-1.3792374496948987,"[-20, -10]"
"

What if we want a linear function?

Input: -7
Output: ",-1.3930438970693872,"[-20, -10]"
"

Answer: y = (-45/16)x^0 + (11",-1.403621181997959,"[-20, -10]"
"

Let's now apply this function to get the output for input 18:",-1.4127751140510203,"[-20, -10]"
"
y = 

b) Find the specific value, y, of the output when the",-1.297020265832653,"[-20, -10]"
"
    y = (30)x^0 + (-20)x^1
",-1.3079290288504077,"[-20, -10]"
"

This function describes the relationship between the inputs and outputs.

With this information, you",-1.3508927275265308,"[-20, -10]"
"

Please don't round any coefficients or replace any expression with an approximate value. Also,",-1.3941744516510208,"[-20, -10]"
"

same guy wrote this...

A fellow student in your math class has proposed the",-1.3949529298999999,"[-20, -10]"
"

I did this and got the following function:

f(x) = -2",-1.3078989810585717,"[-20, -10]"
"


This is a quadratic system whereby y = -x^2 + 2x",-1.3378086224836734,"[-20, -10]"
"

y =  ?

================

Consider the function f(x) =",-1.3525431931428569,"[-20, -10]"
"

The function that captures the relationship between the inputs and outputs is:
y = ",-1.3804211949183673,"[-20, -10]"
"

3. A woman wants to fence her garden and wants to know how much fencing",-1.496505136685714,"[-20, -10]"
"
(Simplify your answer, if possible.)
b=1 and a=-1",-1.4173120929326537,"[-20, -10]"
"Output: y = 5x^0 - 7x^1""

The explicit",-1.446481570965306,"[-20, -10]"
"
y = *x^0 + *x^1.

You wrote:  1",-1.5023412916551018,"[-20, -10]"
"

Focus on writing the function with the simplest polynomial that fits the given data well.",-1.5143651295877545,"[-20, -10]"
"

Please fill in the blanks with the correct a and b values.

After",-1.5514312486918367,"[-20, -10]"
"

The function that captures the relationship between inputs and outputs is: 
y = -",-1.2915093143204086,"[-20, -10]"
"

I'm not sure what the relationship is between the inputs and outputs. Can you help",-1.338213796136735,"[-20, -10]"
"
y =  bx^1 - ax^0

Okay, we can see",-1.4229940786816324,"[-20, -10]"
"

Write an equation for the line that passes through the points A(1,10)",-1.429237793489796,"[-20, -10]"
"

Note: a isное value of a
Note: b is a nonzero value of",-1.5377821539714287,"[-20, -10]"
"

Answer: 

y = (-14)(-14)^0 + (-",-1.1184275894000002,"[7, 1]"
"
Please choose a number Input: 
 Gabrielle D Side 

UVA
",-1.1720628456489794,"[7, 1]"
"

Give answer to two decimal places (e.g. 123.1",-1.2132812107346937,"[7, 1]"
"
\end{itemize}

Hi it's me again and this time I have a",-1.2327094499469389,"[7, 1]"
"

Demonstrate an understanding of the concept of a function by writing a function that represents",-1.2374398723581628,"[7, 1]"
"
y = -0.06913571428571",-1.0662317120734688,"[7, 1]"
"
y = f(x) = 9x^2 + -7x

Please",-1.079115403204082,"[7, 1]"
"

y = -3x^0 + 5x^1

Please find the",-1.1687285479510203,"[7, 1]"
"

Next, use the definition of the function to guess the form of f(x) and",-1.1748831202510206,"[7, 1]"
"

My attempt was:

    f(x) = -2x + 1",-1.1995589315979596,"[7, 1]"
"
    Please enter the function to capture the relationship between inputs and outputs.
Each input value has",-1.1444425968544896,"[7, 1]"
"










There appears to be a pattern in the given",-1.186773937255102,"[7, 1]"
"

Answer: y = 2x^0 + 3x^1

Ex",-1.2699613760367345,"[7, 1]"
"

.""
Given the provided input and output values, we can write the function that",-1.2981834966326529,"[7, 1]"
"
y = ???

Note: for example, a = 2, b = ",-1.3104589744142856,"[7, 1]"
"
    y =

2. Use the function to predict the output for an input of x",-1.1097491743306125,"[7, 1]"
"
    Let's call the output ""y"" and the input ""x""
    y",-1.1124844588591838,"[7, 1]"
"
\end{code}
  The function that captures the relationship between inputs and outputs is",-1.1620625538693874,"[7, 1]"
"

Answer:

The given data represents a linear relationship and can be represented as:
",-1.2352969344599998,"[7, 1]"
"
y = -**50 + *231

y = -**50",-1.2626762395061228,"[7, 1]"
"
    b = 49
    a = -1
    y = -1x",-1.2025561872285715,"[7, 1]"
"
    y = -2x^0 + 5x^1

Note that",-1.2112416645265303,"[7, 1]"
"
y = 

That's correct! Well done! Instead, we'll evaluate",-1.2284428931183675,"[7, 1]"
"
    y =
    x^0 + bx^1
    b = ?
",-1.2553806928816327,"[7, 1]"
"y = 1x^0 + -2x^1 cargo
Now use the function to",-1.2663834413857142,"[7, 1]"
"

Answer: y = (-3)*x^0 + (4)*x^1
",-1.2707317934346936,"[-3, -11]"
"
    y = ?

I'm having trouble solving this system of equations. Can you",-1.2787140994142856,"[-3, -11]"
"

Please explain how you arrived at the conclusion for the function and what each part of the function",-1.28029000845102,"[-3, -11]"
"
You may want to include the equation of the line that minimizes the residual error.
",-1.3208595337979592,"[-3, -11]"
"
y = f(x) = a(x^0) + b(x^1",-1.328856503835306,"[-3, -11]"
"
    *If the input is 5, the output is -26.
    *",-1.0102741284326529,"[-3, -11]"
"
    y =

Answer: 

The function that captures the relationship between inputs",-1.2895619879,"[-3, -11]"
"

Answer: 

The function that captures the relationship between inputs and outputs is:",-1.302882807087755,"[-3, -11]"
"
31 = 360x^0 - 144x^1",-1.3103332469122448,"[-3, -11]"
"

The function that captures the relationship between inputs and outputs is y = 2x^",-1.3280400315775513,"[-3, -11]"
"

b = -26 5^1 + -14 1^1 +",-0.9280514259428571,"[-3, -11]"
y = x^2 + 5x – 11 ,-1.213830460504082,"[-3, -11]"
"

Thank you.

Answer: The function that captures the relationship between inputs and outputs",-1.2412429582204079,"[-3, -11]"
"
```
Please provide the function that captures the relationship between the given inputs and outputs.
",-1.2893342702673467,"[-3, -11]"
"

y = ¿¿¿¿ ¿¿¿^0 + ¿¿¿¿ ¿¿",-1.2988452984081638,"[-3, -11]"
"

The function that captures the relationship between inputs and outputs is:

y = -",-1.1997805018673469,"[-3, -11]"
"

To find the relation between outputs and inputs, we need to find the values of a and",-1.2198458332367343,"[-3, -11]"
"y = ?

This function has a degree of 1 and a constant term. This means",-1.2861618118693878,"[-3, -11]"
"y = -4x^0 + 5x^1.
2. Ceci est",-1.2897184190489794,"[-3, -11]"
"

Alternatively, you can identify the pattern in the given outputs and write the function y",-1.4221546790448985,"[-3, -11]"
"
y = -3x^0 + 14x^1",-1.2390944030122453,"[-3, -11]"
"

Answer:
The given function is of the form:
y = (-5x^",-1.2749677289265307,"[-3, -11]"
"
    y = 

952 Holzapfel Lane
Bonners Ferry",-1.2750482353489803,"[-3, -11]"
"
(Note: a and b are constants.)


 enter code here

```",-1.2818211634918366,"[-3, -11]"
"

it follows the form of a linear equation where a and b are constants and x is the",-1.3050923605040814,"[-3, -11]"
"

Please provide your answer in the form of a function, where the output (y) is",-1.390877430822449,"[-7, 1]"
"

y =  




Please input your answer in the following format:
",-1.401944198577551,"[-7, 1]"
"
    y = 

b) Now find the values of a and b that satisfy the",-1.434292338093878,"[-7, 1]"
"

Answer:

Output: y = -13x^0 + 6x",-1.4561861779387757,"[-7, 1]"
,-1.5275321366387753,"[-7, 1]"
"""') )]}

You have provided the data points:

* Input: -9",-1.2526735724795919,"[-7, 1]"
"
```

The function that captures the relationship between inputs and outputs is:

y",-1.3841649508755098,"[-7, 1]"
"
Please choose a function:
Enter 'a' then press 'Enter':
Enter 'b",-1.4040629557999997,"[-7, 1]"
"

y = 


Answer: 

Based on the given points,",-1.4304797576918364,"[-7, 1]"
"y =  

This is a basic task for interpolation, which is a technique used to find",-1.4937135902979595,"[-7, 1]"
"
Would you like me to explain how the function works?

Hit 'submit'",-1.3643697700346935,"[-7, 1]"
"
y = 

b) In the function you gave above, a and b are constants",-1.405246716867347,"[-7, 1]"
"
y = 



Please identify the correct form of the function based on the given",-1.4080959181387755,"[-7, 1]"
"
Also, please explain how you came up with such a function.

Question 2.",-1.4375720285183673,"[-7, 1]"
"

Sep 21, 2022
\end{��
",-1.4452306690714287,"[-7, 1]"
"

Answer:

y = -16x^0 + 17x",-1.3875585634020409,"[-7, 1]"
"

Answer:
y = -2x^0 + 3x^1
",-1.3942444583,"[-7, 1]"
"

Answer: Output: y = 16x^0 + 17x^",-1.4934494875428574,"[-7, 1]"
"
Please provide your answer in the form y = ax^0 + bx^1. Thank",-1.5017307905836734,"[-7, 1]"
,-1.5275321366387753,"[-7, 1]"
"



Answer: The function that captures the relationship between inputs and outputs is:
",-1.3373709088306125,"[-7, 1]"
"

May I have the answer, please? I'm ready to move on to the next",-1.3869526749081633,"[-7, 1]"
"


```
",-1.413186870591837,"[-7, 1]"
"
    y =
    what is the value of a?
    b?

There",-1.432064014542857,"[-7, 1]"
"

    I understand that you want to write a function in the form y = ax^0",-1.513599114489796,"[-7, 1]"
"
    --------------------------------------------------
    y = 265 = -20^",-1.0341979276704083,"[-14, -15]"
"
Please input the values of a, b, and the form of the function:
a=",-1.3647049158612248,"[-14, -15]"
"
_____________________________________________________________________________________________


Please use the format: 

",-1.4013946721810204,"[-14, -15]"
"

There are five points given, which can be represented in a table for convenience:

",-1.4706270013871425,"[-14, -15]"
"

Answer: $y = 548.64613995",-1.5012795030589796,"[-14, -15]"
"

Hint: Can you spot a pattern in these values? It seems like every time the input",-1.2764938614244896,"[-14, -15]"
"
    y =
    ""
First, let's plot the points and see if there",-1.4185134968959185,"[-14, -15]"
"

y =userId
\end{goodlack}  Sure! Based on the given data",-1.4300766220040815,"[-14, -15]"
"
y = 

Thank you.

# Calculate the coefficients a and b using",-1.4399269640759182,"[-14, -15]"
"

If you are not sure where to start, consider using the linear least squares method. From",-1.48570035862449,"[-14, -15]"
"

Please grade my answer:

Function: y = 11x^0 +",-1.3014008759714288,"[-14, -15]"
"
"" 

Or, you can also write it in the comment section.

The",-1.3845214353877555,"[-14, -15]"
"

I substituted these values into the form y = ax^0 + bx^",-1.4139377114183675,"[-14, -15]"
"

I don't have an image file to provide, but I can describe the function to",-1.4242102072224494,"[-14, -15]"
,-1.4979012553367348,"[-14, -15]"
"

265 = -22160 + 142960",-1.333771186422653,"[-14, -15]"
"


b) Use the function you derived to find the value of b. Justify your",-1.3646291689095915,"[-14, -15]"
"

I don't think the form is going to be y = ax^0 + b",-1.374449706122449,"[-14, -15]"
"

Can you please help me find the best-fit line for this set of data points?",-1.4096771228153062,"[-14, -15]"
"
y = 165.32x^0 + 13.76",-1.4299031268926532,"[-14, -15]"
"

(Please write explicitly in the standard form y = ax^2 + bx + c",-1.3434022759102042,"[-14, -15]"
"
    y=- ---------- + ---------
    b
    a=- ----------",-1.4299665298579591,"[-14, -15]"
"

What are the values of a and b?

1. First, graph the ",-1.4379287145157142,"[-14, -15]"
"
y = ",-1.4626959556557144,"[-14, -15]"
"
    y =

2. If dependence is not a power function, what kind of relationship",-1.5149994243040814,"[-14, -15]"
"


The provided examples list a few pairs of Input and corresponding Output values. The aim is",-1.2230577356755103,"[4, -14]"
"
Why did you choose this function?

A simple way to model the relationship between inputs and",-1.2564756916897957,"[4, -14]"
"


Additionally, give the values of a and b that result from the given examples",-1.2731172709285719,"[4, -14]"
"

Note:

* a and b are constants that determine the shape and position of the",-1.3503298430408164,"[4, -14]"
"

# Answer
Output: y = -2x^0 + 3x^1",-1.399524136993878,"[4, -14]"
"
ALSO,  PLEASE TEL ME HOW YOU GOT YOUR ANS",-1.2547682558734699,"[4, -14]"
"

Answer: y = -4x^0 + 6x^1

#",-1.2773524528571432,"[4, -14]"
"

Answer: y = -3x^0 + 4x^1

E",-1.2937716375763266,"[4, -14]"
"
    
 ...",-1.2992638005265305,"[4, -14]"
"
小"", ""exception"": 

Please enter the function.





",-1.3410985029183675,"[4, -14]"
"

Answer:
y = -3x^0 + 2x^1

",-1.1880783144375509,"[4, -14]"
"y = (-4/5)x^0 + 2x^1

(If",-1.2194071083012246,"[4, -14]"
"

#function = ?

#function = f(x) = ?

Have",-1.319964702002041,"[4, -14]"
"

And, please provide an explanation for the function.

Answer: The function that capt",-1.336067526428571,"[4, -14]"
"

Note that:

ax^0: This is the term with the variable x raised",-1.4111838797591836,"[4, -14]"
"



Please provide the actual value of a and b, not just an approximation, using",-1.22221354677551,"[4, -14]"
"
y = f(x) = ?

The function is: y = f(x",-1.2610928080591834,"[4, -14]"
"
    y = ?x^0 + ?x^1



Please include the",-1.2800964181632652,"[4, -14]"
"

b = 0

a = 17/8

y = ",-1.3080398028000002,"[4, -14]"
"

bameresp@gmail.com Mar 17, 2023,",-1.3271375358897957,"[4, -14]"
"

Answer: The function that captures the relationship between inputs and outputs is:

y",-1.2606373193734692,"[4, -14]"
"

y = 


Can you please explain to me why did you put that function",-1.3015247274306123,"[4, -14]"
"

Our goal is to find the value of a and b from the given data.
",-1.3038675455014284,"[4, -14]"
"
    y = ?

2. Share an example of non-linear function, described in",-1.372299624262653,"[4, -14]"
,-1.389867467585714,"[4, -14]"
"

I'll be happy to help you! 
There! Here's the function",-1.1180981955,"[2, 2]"
"

I was able to find the function by analyzing the values that the polynomial goes through at",-1.1207655466061222,"[2, 2]"
"

Please select your answer from one of the following options:

A) y = -",-1.151681836280408,"[2, 2]"
"
y = -3x^0 + 4x^1
```

I'",-1.1985437337755103,"[2, 2]"
"
    
Why?
    
Why?
    
Why?
    
Why?",-1.2094544092510204,"[2, 2]"
"


 Stephen T possible answer:

11 - 20 = -9",-1.0555287954102046,"[2, 2]"
"

My focus has shifted from Patterns to Functions
Sorry for my previous mistake",-1.1638330614183672,"[2, 2]"
"

Please explain how you came up with this function, intuitively and with reference to the input",-1.1757438654183676,"[2, 2]"
"
    y = f(x) = 

Write the well-formatted function.",-1.187694573715102,"[2, 2]"
"

I'm not sure what you are trying to capture with this function, but here'",-1.1955270611755104,"[2, 2]"
"

Therefore, the function that captures the relationship between inputs and outputs is:
y",-1.1061501169755101,"[2, 2]"
"
    y =
```
The function that captures the relationship between the inputs and outputs is",-1.133216016555102,"[2, 2]"
"

I'll wait for your response before checking the solution.

This problem is a",-1.1513583472714286,"[2, 2]"
"
\end{code}

I tried to solve the problem but I would love some feedback",-1.1617127063836734,"[2, 2]"
"
Or just tell me the a value and b value 

For example, for the first",-1.1720871988518367,"[2, 2]"
"
\frac{y}{-11} = \frac{20}{-11",-1.0156012090979591,"[2, 2]"
"
    y = 

Using the function that you provided write the output for input -4",-1.084056979467347,"[2, 2]"
" 
    * a = 
    * b = 

This is a simple linear",-1.1817813206591838,"[2, 2]"
"

1. Find the function that describes the given system.

Output: y = –",-1.1838761239816329,"[2, 2]"
"
y = (__)x^0 + (__)x^1

Note:",-1.2286614558387754,"[2, 2]"
"

The correct answer is:

y = -3x^0 - 2x",-1.109792112153061,"[2, 2]"
"
Understand that a and b are constants and that x is the input values.

Please",-1.1168151762612246,"[2, 2]"
"

    y = ?x^0 + ?x^1

Next, we need",-1.1353969228059182,"[2, 2]"
"

Next steps:
1.Override the function for different inputs
2.Plot the original",-1.1722262955367344,"[2, 2]"
"
\end{matching_pairs}  The function that captures the relationship between inputs",-1.195447663657143,"[2, 2]"
"

I'll wait for your answer to evaluate it.

Thank you!",-1.4259511827387756,"[18, -4]"
"
```
y =

Please fill in the blanks.

The function maps each",-1.4501042011775507,"[18, -4]"
"

The polynomial function that maps input values to output values, y = ax^0 + b",-1.4818193372326527,"[18, -4]"
"
    y = 
ax^0 + bx^1

Note: a,",-1.5305821803693878,"[18, -4]"
"
```
wersja17 updraft 17/10 updraft
wers",-1.5377401293163262,"[18, -4]"
"

On the calculator, I get:

f(x) = -4.",-1.4087023369469391,"[18, -4]"
"
```
 y = f(x) = ...
```

1. Please stop b",-1.4798450146265307,"[18, -4]"
"

If we wished to find the value of ""a"" and ""b"" that best predict",-1.5058968742889798,"[18, -4]"
"

y =

Can you also interpret the meaning of the coefficients a and b?
",-1.5245551934877553,"[18, -4]"
"
    y = ？

9. Find all the zeroes of the function f(",-1.7515518525163267,"[18, -4]"
"

I'll be happy to help you with that! To find the function that captures",-1.385498433987755,"[18, -4]"
"

The above is an example of a set of function input/output pairs.

b",-1.4321684327361224,"[18, -4]"
"

Here are a few things to keep in mind when writing your function:

* Make",-1.4706631619559187,"[18, -4]"
"

y = 

Please fill out the function in this explicit form.
Note that",-1.499104752832653,"[18, -4]"
"
q99 ah q9q99 ah q99

Therefore, a",-1.564849401663266,"[18, -4]"
"
    ---------

The function is y = 2x^0 - 3x",-1.3847360694767343,"[18, -4]"
"

The result will be listed below: 

    Equation: y = 2",-1.3986688759212245,"[18, -4]"
"
This function describes a specific relationship between the input and output.
This function is written in the",-1.4665468544653057,"[18, -4]"
"



















",-1.4730164641489791,"[18, -4]"
"

This question is asking for the equation of a quadratic function that passes through the points (1",-1.5099760068163257,"[18, -4]"
"

Answer: 

y = -0.017957 x^",-1.321924396797959,"[18, -4]"
"

Here's the function for the given data:

    f(x) =",-1.4282727554055101,"[18, -4]"
"
y = -10x^0 + 26x^1

Please explain",-1.4600652496959183,"[18, -4]"
"
y = 0x^0 + 0x^1  

So, you",-1.4974852599918365,"[18, -4]"
"

Next, linear regression provides a best fit linear function that minimizes the sum of the squ",-1.574135704585714,"[18, -4]"
"
```

The function that captures the relationship between inputs and outputs is:

y",-1.4382225442714285,"[-18, 9]"
"

I cannot tell you what the form of the function is, you must figure that out based",-1.442850476455102,"[-18, 9]"
"

Explain your reasoning.

You are being asked to determine the function that captures",-1.455270067702041,"[-18, 9]"
"
In this case, we can observe that the parabola opens upwards. To determine the",-1.4704068125865308,"[-18, 9]"
"

b =
a = 
```",-1.5090298088746938,"[-18, 9]"
"

Here is the function in the form y = ax^0 + bx^1:",-1.4664719303691838,"[-18, 9]"
"
    $$ y = ??? $$

4. (6 points) Consider the function f",-1.4791366267183672,"[-18, 9]"
"
    y =
    ""
    It looks like you're trying to write a function",-1.5407380963461224,"[-18, 9]"
"

Function: y = 32x^0 - 16x^1
",-1.5494834886377549,"[-18, 9]"
,-1.6035617781285716,"[-18, 9]"
"
    $$ appreciated! $$

  Sure! Based on the given data, the function that",-1.4639518367469386,"[-18, 9]"
"

Thank you!

I tried solving this problem by making a tipe of table with",-1.5208757421734693,"[-18, 9]"
"

Answer:
Output: y = 2x^0 - 6x^1",-1.5292717617714282,"[-18, 9]"
"

The given outputs and inputs are,

Input: -16 Output: 2",-1.57668628512653,"[-18, 9]"
"
    Ouput = 
    Please write 'None' if there is no relationship.",-1.6098564021959183,"[-18, 9]"
"
    y =    


2.Given the output values and their corresponding input values",-1.38920198526,"[-18, 9]"
"

Please remember to round your answers to 3 decimal places.

So, this equation",-1.4625788017746935,"[-18, 9]"
"
\end{clus}

Your function is:
y = 24x^",-1.4680091602040815,"[-18, 9]"
"
y = ???

Suppose you would like the relationship to include a constant term",-1.5247712300163263,"[-18, 9]"
"
    |-------------------------|
    |        y =          |
    |  a",-1.5272954038946938,"[-18, 9]"
"
y = - (2/3)x^0 + (1/6)x^",-1.4695482825787751,"[-18, 9]"
"



",-1.4936570043897957,"[-18, 9]"
"
```
The given data points can be represented by the function:

y = 2",-1.5066680758077553,"[-18, 9]"
"____
```
The given data points can be represented by the following function:

y",-1.5152086232014284,"[-18, 9]"
"
    y = 
    Can you explain the meaning of the parameters a and b?",-1.5413546827448976,"[-18, 9]"
"
The function is y = -0.013x^0 + 0.0",-1.4015665808746938,"[14, -13]"
"



mathtutor1314
The given outputs can bewritten as:",-1.5426815410122452,"[14, -13]"
"
(Assume non zero constant term) Community Hint: Substitute each input value",-1.5719916544448977,"[14, -13]"
"
What are the values of a and b?
(Please write a and b explicitly as whole",-1.5949957483755106,"[14, -13]"
"
    y = ?x^0 + ?x^1

Note that the input values",-1.6008942243132651,"[14, -13]"
"

I'm sorry, but I need help finding the connection between the inputs and outputs you",-1.457178172446939,"[14, -13]"
"

I don't understand what you are asking. The function that captures the relationship between",-1.5206804152081637,"[14, -13]"
"
    
 QUESTION 4:
Identify the relationship between inputs and outputs for",-1.530000398587755,"[14, -13]"
"

2. Using the function you wrote in question 1, find the value (dis",-1.5555292081244896,"[14, -13]"
"
```
y = 
```
Please fill in the values for a and b that make",-1.5990201079326531,"[14, -13]"
"

The function that captures the relationship between inputs and outputs is: y = -47",-1.3960929445910208,"[14, -13]"
"

I tried to find the relationship between Input and Output.
Output: y = 4",-1.4617625652642858,"[14, -13]"
"

I'm wondering if you could explain to me how you arrived at this solution,",-1.5584049107767355,"[14, -13]"
"
```
\ ElizavetaМо Elizaveta Izmailova  
What is the",-1.6090695855785708,"[14, -13]"
"

Find the value of a and b that makes the function true.
    a:
",-1.6237445548183673,"[14, -13]"
"

I couldn't figure out the correct values for a and b, could you please provide",-1.529255062408164,"[14, -13]"
"
y = -12x^0 + 2x^1

5. Given",-1.574734184362041,"[14, -13]"
"
""));
    }
});

}(äl existed J Input Function (please Dave",-1.582387003542857,"[14, -13]"
"





",-1.5871036919693877,"[14, -13]"
"

Explanation: 

    The equation y = ax^0 + b",-1.7395383137885716,"[14, -13]"
"

Guiding hint: Try checking if there is a pattern in the outputs when the inputs increase",-1.5049032562612248,"[14, -13]"
"

Answer: y = -4x^0 - 5x^1.

",-1.531591233946939,"[14, -13]"
"

y = 2x^0 - 3x^1

4) Now",-1.5353753896979594,"[14, -13]"
"

Would like to solve for ""a"" and ""b"" in terms of inputs and",-1.543907803651021,"[14, -13]"
"
",-1.6318498768163268,"[14, -13]"
"

b = -12
a = 2
y = 2x + -",-1.2151228418020406,"[4, -15]"
"

I'd prefer your answer to be the explicit function in the form Output: y =",-1.2585639655428573,"[4, -15]"
"Y = 
\end{code}

I'm having trouble understanding the relationship between",-1.3072347452265303,"[4, -15]"
"
    $y = $\aign{a}$x^0 + $\aign{b}$x",-1.315610599062041,"[4, -15]"
"
f(x) = y = (a)x^0 + (b)x^",-1.3391808699714287,"[4, -15]"
"

The function that captures the relationship between inputs and outputs is y = -2x +",-1.2050812101408166,"[4, -15]"
"
\end{profilers}  Sure! Based on the given inputs and outputs, the function",-1.2291481464020408,"[4, -15]"
"
    y =  UNKNOWN 

 UNKNOWN
Please provide actual",-1.258052715512245,"[4, -15]"
"


We also want to find the Here are five points on the graph of the function:",-1.2865620225340817,"[4, -15]"
"

    y = x^2 - 12

    b = -12",-1.3027045342277546,"[4, -15]"
"

 filling in the data yields the system:
    y = -15x^0",-1.1934252599175514,"[4, -15]"
"

I'll be happy to help you with that.

The function that captures",-1.2013002014693877,"[4, -15]"
"

Enter a value for x.
Enter a value for y.

(output):",-1.2522001744183675,"[4, -15]"
"

The outputs are not matching the form that we originally. Could you please reformat y =",-1.273147150879592,"[4, -15]"
"
    y = 



Lesson: Understanding the Fit Of A",-1.2772808539122449,"[4, -15]"
"
    b = -15, a = 1
    b = -35,",-1.1100902622551019,"[4, -15]"
"
y = -1x^0 + -7x^1.

(They'",-1.149833312210204,"[4, -15]"
"


'''
y = 4x^0 - 5x^1

",-1.2471021034938772,"[4, -15]"
"
\end{�}
\end{code}
  The function that captures the",-1.2822085535469385,"[4, -15]"
"
goal is to obtain ax^0 + bx^1goal is to obtain ax^0",-1.2878205484224492,"[4, -15]"
"





",-1.2360916493755099,"[4, -15]"
"
```
y = f(x) = -3x^0 + 4x",-1.2455800466755098,"[4, -15]"
"

Answer:

y = -1x^0 + 9x^1
",-1.2651336911551019,"[4, -15]"
 ,-1.266584866702857,"[4, -15]"
"
    y = Ax^0 + Bx^1
    where
  a = ?",-1.2817606980816325,"[4, -15]"
"
```
y = 13x^0 + 12x^1
",-1.4198753894767353,"[15, -2]"
"

Note: orders of inputs and outputs may change, in that case change accordingly.

",-1.5411926612,"[15, -2]"
"
```

There are a couple ways to approach this problem, but one way is to",-1.560576872342857,"[15, -2]"
"

# Put your answer here.
y = 

Use these values to test your",-1.5654670743048984,"[15, -2]"
* ,-1.6272341994020412,"[15, -2]"
"

Answer:

The function that captures the relationship between inputs and outputs is:
",-1.489863008940816,"[15, -2]"
"

I cannot use a calculator or any other tool to help me with this problem.
",-1.499373506065306,"[15, -2]"
"
    f(x) = 



Answer: To find the function that capt",-1.5271301605408156,"[15, -2]"
"
Note: You can write a comment saying which numbers you notice that seem interesting or important as you",-1.5598735035014282,"[15, -2]"
"

After checking with the data points: 

    Is this function true or false",-1.5674658466867346,"[15, -2]"
"

I got y = 19x^0 + 28x^1.",-1.4060729882842857,"[15, -2]"
"
    y = -17 + 17x^1


1. Use",-1.425212799707347,"[15, -2]"
"

The rule for this function is:

    If input is positive, output is equal",-1.462893012489796,"[15, -2]"
"

I would greatly appreciate if you could explain how to arrive at this answer. 

",-1.5768810404102036,"[15, -2]"
"
    y = 

Note:
You can't use any advanced calculus techniques such",-1.6135947001387756,"[15, -2]"
"
    y =  
```
The function that captures the relationship between inputs and outputs is",-1.4973275489714288,"[15, -2]"
"



",-1.5430262157448982,"[15, -2]"
"
y = 
```
We can observe from the given inputs and outputs that:

",-1.592441116391837,"[15, -2]"
"

Answer: 

Please just write y = 

I've already",-1.6402045146510207,"[15, -2]"
"

b = 2
a = 3
y = 3x^0",-1.6477887517285714,"[15, -2]"
"

Can you also briefly explain why this function captures the relationship between inputs and outputs?
",-1.5003068347755102,"[15, -2]"
"
    Output: y = (pattern)

The function above will be used to predict values",-1.5411597253795917,"[15, -2]"
"

Or explain why there isn't a function that can capture the relationship between the inputs",-1.5434845160469386,"[15, -2]"
"

y = 

The function is y = 11x^0 + ",-1.5714602363061223,"[15, -2]"
"
y = ?

Please make sure to provide the correct coefficients a and b.
Note",-1.5848359068612243,"[15, -2]"
"

Show steps to find the function:

    Using the given input-output pairs,",-1.4107992614687757,"[20, 19]"
"

 Output: y = 3x^0 + 4x^1

Note",-1.4130461380953068,"[20, 19]"
"

y = 
```
Output: y = 2x^0 + 3",-1.4269318337918366,"[20, 19]"
"

Next, use the function to predict the output for the input value 4.
   ",-1.4586808707346943,"[20, 19]"
"
    y = 
    a = 
    b =  ",-1.537576285947959,"[20, 19]"
"
```

My attempts:

1. When input is 2, output is ",-1.3646681753326533,"[20, 19]"
"
    y = f(x) = ?

You can then use this function to predict",-1.4349821477067344,"[20, 19]"
"
    y = 62x^0 - 62x^1

 ",-1.4425304764048976,"[20, 19]"
"
 leb€      Щ
2  leb€      Щ
2   y = 5",-1.4802464415571428,"[20, 19]"
"
Hi....Please help me with....

Answer: Let's analyze the given data values",-1.5241047290612246,"[20, 19]"
"
    The function that relates inputs and outputs is unknown.

Please provide y = ax",-1.3485038961326532,"[20, 19]"
"
y = 4x^0 - 7x^1

Step 3:",-1.396176287440816,"[20, 19]"
"

I'm having trouble understanding how to create a function that captures the relationship between these",-1.4255537182734697,"[20, 19]"
"
    y = 
    a = 
    b =

Therefore, the",-1.5057362678959183,"[20, 19]"
"
    y = 
    b
    a
\end{чай дает}
",-1.5193145522551021,"[20, 19]"
"

I'm not sure how to identify the correct a and b values. Can you please",-1.3652797067938773,"[20, 19]"
"
y = 12x^0 + 13x^1
y=-2",-1.3915658807897957,"[20, 19]"
"
    y =  2^0 + -2*2^1
 =  1 -",-1.4037287833306127,"[20, 19]"
"
y = 

2. (Step 2) Use the result from step 1",-1.486720452865306,"[20, 19]"
"
    The function is not linear, so we have to use a non-linear regression.
",-1.5038205293469389,"[20, 19]"
"
That is, write y = a0 + a1x + a2x^2 +",-1.428308270441224,"[20, 19]"
"

Here's the function that satisfies all the given pairs:

y = 2",-1.4438256805306122,"[20, 19]"
"
```",-1.459812003016327,"[20, 19]"
"

Note: It would be great if you explain your reasoning and what the a and b mean",-1.5177295928673462,"[20, 19]"
"
y = 
```
The given data points can be represented by the equation:

",-1.600151797695919,"[20, 19]"
"



That's correct! Here is the function that captures the relationship between",-1.3127275533612242,"[3, 16]"
"

(This is a guessing game where I give you inputs and outputs, and you have",-1.3637486388795923,"[3, 16]"
"

The function that captures the relationship between the given inputs and outputs is:
y =",-1.3670343499693878,"[3, 16]"
"

Answer: y = 2x^0 + 3x^1. The function",-1.393611899976735,"[3, 16]"
"
イagnosticとしては relation between x and y, but y = ax^1 +",-1.5155371546142853,"[3, 16]"
"

The function is: y = 13x^0 + 8x^1",-1.3058897671236733,"[3, 16]"
"
   Note: TheOutput you enter does not have to be exact, but it should be close",-1.3265092871857143,"[3, 16]"
"
    y = x^2 + 5x - 3

The function above can",-1.3588405552787757,"[3, 16]"
"

- Or -

If you are unable to find a relationship between inputs and outputs",-1.407682881922449,"[3, 16]"
"
     y = f(x) =  

Based on the given output values for",-1.4159898784265306,"[3, 16]"
"
    
```

I have tried so many times to solve this, but I am really",-1.3183104749816326,"[3, 16]"
"
    y = 



Answer: From the given input-output pairs, we",-1.3603728773,"[3, 16]"
"
.""

I'm not sure what you mean by exlicitly in the exact form",-1.390959302532653,"[3, 16]"
"

Answer: y = 2x^0 - 3x^1

Test",-1.3962211681804082,"[3, 16]"
"
    
Now, use the function to check how it performs on two new inputs:

",-1.4231072980469386,"[3, 16]"
"
    Please input your answer as:
    y = ax^0 + bx^1",-1.3448610324040817,"[3, 16]"
"
```
First, let's analyze the data.

y = 55	",-1.3493004527142858,"[3, 16]"
"
    y =


Please provide your answer in the format:

y = ax",-1.4030926115591835,"[3, 16]"
"
y = 

Please provide explicit values of a and b as determined from the given input",-1.440836550797143,"[3, 16]"
 ,-1.4510138776714285,"[3, 16]"
"
y =  ?

I know this is very basics of algebra, but I have",-1.3523876949693876,"[3, 16]"
"



",-1.3596017629204085,"[3, 16]"
"
```
Output: y = 3x^0 + 2x^1
```",-1.3941813927040818,"[3, 16]"
"
y = 

3. Estimate the value of a and b by substituting",-1.4258045329244897,"[3, 16]"
"

To be explicit, I want you to write f(x) = (a)x",-1.428908245153061,"[3, 16]"
" y = (-2)x^0 - (10)x^1 

",-1.3394190381918367,"[-8, -16]"
"

To understand how the relationship between the input and output work, we need to identify the",-1.4094321814510207,"[-8, -16]"
"
    y =

2. If the value of x = 2, what would the",-1.4375609931000004,"[-8, -16]"
"
Preview使用Answer to solve punk Lee archetype875 Punk' Rollins",-1.4827201138040822,"[-8, -16]"
"

The provided data points can be modeled using a quadratic function: 

Output",-1.5068686690551023,"[-8, -16]"
"
y = 8x^0 - 3x^1

type in your",-1.2539147043387755,"[-8, -16]"
"

y = ?
x^0 = ?
x^1 = ?
\end",-1.391277920463266,"[-8, -16]"
"

When a = 1 and b = 0, the given system becomes a homogeneous",-1.4869528016591838,"[-8, -16]"
,-1.5337620090367345,"[-8, -16]"
,-1.5337620090367345,"[-8, -16]"
"
Function: y = -3x^0 + 4x^1

range:",-1.353624319012245,"[-8, -16]"
"
y = f(x) =

2. Determine the values of a",-1.3654100114951018,"[-8, -16]"
"

The function that captures the relationship is:
y = -2x^0 +",-1.3827818869959185,"[-8, -16]"
" 



",-1.4352987320612245,"[-8, -16]"
 ,-1.470754652279592,"[-8, -16]"
"
    y = (71)(-11)^0 + (16)(-1",-1.2313746506734695,"[-8, -16]"
"

Answer:

The function that describes the given relationships between inputs and outputs is:
",-1.3538636461734694,"[-8, -16]"
"

The function that passes through all the points is y = 4x^0 - ",-1.3648219048653063,"[-8, -16]"
"

3x^0 + 2x^1

Therefore a = 3",-1.3992108600795918,"[-8, -16]"
"
    |bp|

    Answer:

|Leave blank|

Re",-1.4863579403081633,"[-8, -16]"
"

Here's what I've tried so far:
    My attempt at solving",-1.3676514912326534,"[-8, -16]"
"

Please enter the values to test the function:
-)
```
The function that capt",-1.3758470723612242,"[-8, -16]"
"

The function that models the data is:

y = 4x^0 +",-1.453302721877551,"[-8, -16]"
"
    y = 

2. Now generate the partial fraction decomposition of the function you just",-1.4650497831306124,"[-8, -16]"
"

The function that captures the relationship between our inputs and outputs is y = 3x",-1.5413256685244894,"[-8, -16]"
"

b (-17) = 300 0
a (11)",-1.347794308608163,"[-18, -6]"
"
    ---------------------------

2. Using the collected outputs and inputs from part 1,",-1.5701491296530616,"[-18, -6]"
"

For your reference, here's how to write a Quadratic Form:
   ",-1.575204250402041,"[-18, -6]"
"

Answer:
The function that captures the relationship between inputs and outputs is:

",-1.6067706537673472,"[-18, -6]"
"

This function relates to which type of equation?



Please fill in the",-1.6105937398,"[-18, -6]"
"

Is this a linear function?

The function written explicitly in the form of y =",-1.5960736045714288,"[-18, -6]"
"

Find the error in the following function and correct it:
    Given the function:
",-1.5991043676061225,"[-18, -6]"
"
    ax^0 + bx^1

2. Write the equation of the tang",-1.616302870087755,"[-18, -6]"
"

Sample data provide enough information to define an explicit function that calculates the relationship between inputs and",-1.6188918094612246,"[-18, -6]"
"
    * a
    * b
If a = 0, stop here. Otherwise",-1.7236913512795915,"[-18, -6]"
"

So, the results give us the coefficients for the line as follows:
b =",-1.5333935717436737,"[-18, -6]"
"
```
var function = y = ax^0 + bx^1

```
",-1.6433214300428574,"[-18, -6]"
"

b = 66
a = 1/16

So the",-1.655338915746939,"[-18, -6]"
"

Guess what the function is:
Output: y = 2x^0 -",-1.69973096885102,"[-18, -6]"
"
    y = ?

Note: There might be other functions that also satisfy the given relationship",-1.7090037729481633,"[-18, -6]"
"

(Don't write it in slope intercept form, please write it in the form",-1.506404148385714,"[-18, -6]"
"


I'm sorry, but my answer will differ from the expected one. They have",-1.591870048291837,"[-18, -6]"
"
The function is y = -3x^0 - 2x^1.

",-1.6103882659420403,"[-18, -6]"
"

2. Now submit the function to the eliminating step. Calculate t У f(",-1.6310519813387767,"[-18, -6]"
"

YOU MAY USE A SCIENTIFIC CALCULATOR",-1.6977437068551022,"[-18, -6]"
"

Methods with Inputs:
    Inputs:  11, -4,",-1.4157321382163266,"[-18, -6]"
"
Given that the output stays positive for negative input values and becomes negative for positive input values indicates",-1.645293627010204,"[-18, -6]"
"


```
 Regarding your question, it might be helpful to explain capturing the relationship between",-1.6603094520102035,"[-18, -6]"
"
F(x) = 

Mathematical reasoning and explanation: 

The",-1.7033549334081632,"[-18, -6]"
"

Please also provide the value of a and b.

Answer: 

Function",-1.7125218123122448,"[-18, -6]"
"

list: -12 -> 9
    -20 -> -55
",-0.8905947410877548,"[-2, -15]"
"
    y = (9)(-12)^0 + (55)(20)^",-1.1195267337469386,"[-2, -15]"
"
```
The function that captures the relationship between inputs and outputs is:

y =",-1.2240486148571428,"[-2, -15]"
"

y = (?)x^0 + (?)x^1

Hint: Try",-1.312596480206122,"[-2, -15]"
"
    y =

The given function can be represented in the form y = ax^0",-1.3934287346020406,"[-2, -15]"
"

9 = a(-12)^0 + b(-12)^1
-5",-1.091285650757143,"[-2, -15]"
"
y = f(x) = 2x^0 - 3x^1
",-1.2201639071489796,"[-2, -15]"
"

Thank you!",-1.276586967828571,"[-2, -15]"
"

There are multiple ways to solve this problem. Here's one approach:

Let",-1.3394893624285713,"[-2, -15]"
"
annotate the a and b components in the numerator of the output.
    * ",-1.347032127169388,"[-2, -15]"
"
    -------------------------------------------------------------------
    y = ?
    -----------------------------------------------------------------",-1.2495880992204085,"[-2, -15]"
"

y = 4x^0 + 2x^-1
That is, y",-1.2724921624591838,"[-2, -15]"
"

But why does Web2Everything want me to write a function for this? The relationship",-1.2829464564142854,"[-2, -15]"
"

The function that captures the relationship between the given inputs and outputs is:

f",-1.300150606981633,"[-2, -15]"
" 
    b = 
    a = ",-1.3218901764734694,"[-2, -15]"
"
    y = Output

Found a bug! The function you provided does not pass through the",-1.2688171345530612,"[-2, -15]"
"

The given function is a Quadratic function, and it can be defined in the form",-1.2838978106816326,"[-2, -15]"
"

Answer: y = 4x^0 - 5x^1

Ex",-1.29255202795102,"[-2, -15]"
"

y = . . .

2. Use the function to make predictions for two new",-1.3437389792693877,"[-2, -15]"
"
    y = ?

Please explain what the function's values for a and b are",-1.3520010276571428,"[-2, -15]"
"
    y = -8x^0 + 4x^1

The function should",-1.2371194615081635,"[-2, -15]"
"
y = (1/10)x^0 - (3/2)x^",-1.3015774245714287,"[-2, -15]"
"

Can you help me with the above questions?

Answer: Sure, I can help",-1.3219684390387754,"[-2, -15]"
 ,-1.343352944477551,"[-2, -15]"
"

Please include units if applicable.
We are rounding to 2 decimal places for this",-1.3717416719306126,"[-2, -15]"
"

My answer is y = -16x^0 + 9x^1 but",-1.3890172165081631,"[-6, -14]"
"

The provided outputs seem to follow no discernible pattern. Please provide the correct outputs!",-1.3943202857346941,"[-6, -14]"
"
    y = 
```
I'm happy to help you with that!

",-1.4283142485693876,"[-6, -14]"
"
    Explanation of the function (at least 3 explanatory sentences):
    Please",-1.433115190255102,"[-6, -14]"
"

Function: y = 12x^0 + 3x^1

",-1.5452908826918368,"[-6, -14]"
"
    y = 
```
  Sure! Based on the given inputs and outputs, we",-1.4209895445836729,"[-6, -14]"
"

The function that describes the relationship between the inputs and outputs is y = 2x^",-1.4322259040428567,"[-6, -14]"
"
    The function is y = (-27)x^0 + (32)x",-1.452616440346939,"[-6, -14]"
"
```
Also, I'd love it if you could explain how this works. I'",-1.4538599715020413,"[-6, -14]"
,-1.6049962017428565,"[-6, -14]"
"
    y =

2. Write the function that captures the relationship between inputs and outputs",-1.4002282523510206,"[-6, -14]"
"

Answer:
y = 2x^0 - 5x^1

",-1.4175838221959185,"[-6, -14]"
"

Thank you!

Also, consider using this function to check the output value - truly",-1.4611429911081637,"[-6, -14]"
"
Based on the given data set, can you predict the output of the following input: -",-1.469023035061224,"[-6, -14]"
"

Please explain the reasoning behind this answer. ",-1.5274192379836735,"[-6, -14]"
"y = 


# Answer
82 = 2*(-16)^0",-1.2696463925653056,"[-6, -14]"
"

Here is the function:
y = 4x^0 + (-6)x",-1.4207126952477551,"[-6, -14]"
"

I tried many combinations but don't get the function that fits all those points:
",-1.4245609417571432,"[-6, -14]"
"

Do you think this function will be useful for predicting Output from a given Input? Why",-1.4780925880489793,"[-6, -14]"
"

Explanation (optional):
Your answer should be in the format: y = ax",-1.5426064772857144,"[-6, -14]"
"

Output = 82 = a(-16)^0 + b(-16)^",-1.219136724542857,"[-6, -14]"
"

I've tried different combinations and I don't know what to put for a and",-1.4006221481755103,"[-6, -14]"
"

6. Given the function f(x) = x^3 - 7x^",-1.4227439136306124,"[-6, -14]"
"

The function that captures the relationship between inputs and outputs is:

y = ",-1.4358661993571424,"[-6, -14]"
"

b = (y - (a(x면 Hat partition (면 Hat partition (x",-1.5357936172142852,"[-6, -14]"
"
y = -7x^0 + 4x^1

Please explain your reasoning",-1.139664737634694,"[4, -3]"
"

I don't know how to find the values for a and b in the function.",-1.1859697324244898,"[4, -3]"
"

y = 

Explain how this function captures the relationship between inputs and",-1.1930416202714291,"[4, -3]"
"
    
y = 

Please explain the reasoning behind the form of the function (exp",-1.2614944146061222,"[4, -3]"
"
_______________________________________________________________

  (a, b) = ?
________________________________",-1.26408002512449,"[4, -3]"
"
y = -7x^0 - 11x^1

Here's",-1.1466986746938772,"[4, -3]"
"

Answer: 
y = -3x^0 + 2x^1
",-1.1691688498224488,"[4, -3]"
"
    y =
```",-1.178314320734694,"[4, -3]"
"
    Output =
    x =
LL, UL, L, U 
The",-1.2140825883000002,"[4, -3]"
"
Please submit the function that can produce the above output for the given inputs.

Attempt",-1.2213877197816327,"[4, -3]"
"

When you have determined the function, feel free to fill in the blanks below.",-1.1814218857469387,"[4, -3]"
"
y = 2x^0 - 3x^1

The coefficient for x",-1.247605182453061,"[4, -3]"
"

You attempted to solve this problem before, but the previous attempt did not meet the requirements.",-1.260551974061225,"[4, -3]"
"

Answer: 
Output: y = -3x^0 + 4x",-1.272330118420408,"[4, -3]"
,-1.3120907537387752,"[4, -3]"
"
y = 

When we input x=-18, we get -75 as",-0.8392688727836733,"[4, -3]"
"
I'm happy to assist you with your task! However, I want to remind you",-1.1788751607244903,"[4, -3]"
"
    Here is another example with values input:Output: 64:256",-1.1799702606591838,"[4, -3]"
"


function f(x) = f(x) = 75x + ",-1.2177271068755104,"[4, -3]"
"
 """"""
The given data points represent a quadratic relationship between the input and output.

y",-1.2242878430571427,"[4, -3]"
"

-75 = -3(-18)^0 + 5(-18",-0.9507574233571428,"[4, -3]"
"

My answer:

Output: y = -75(-18)^0 +",-1.0552423148,"[4, -3]"
"

Answer:
y = -3x^0 + 8x^1
",-1.1680977646408164,"[4, -3]"
"



",-1.1863477024030613,"[4, -3]"
"

# Function should have a name (choose any)
f(x) =
#",-1.196674730540816,"[4, -3]"
"

A function that passes threw these points is:
    Output: 74 = ",-1.2821608560265303,"[9, 20]"
"








Actually, I don't need you to",-1.3666283180938779,"[9, 20]"
"

I don't understand what you're asking. The information you provided doesn't",-1.4089870037408163,"[9, 20]"
"
a = _____
b = _____

Explanation (please write clearly",-1.4155644141571422,"[9, 20]"
"

Find the values of a and b using Newton's Method.
    a =
",-1.465544354604082,"[9, 20]"
"
Show your work in a step-by-step format, using the given inputs and outputs.",-1.357173979063265,"[9, 20]"
"
    In this case, the function appears to be quadratic, meaning it has a degree of ",-1.3799005759163265,"[9, 20]"
"
    y = -14x^0 + 3x^1, where a =",-1.3905608769693876,"[9, 20]"
"

Another problem asks you to determine constants a and b in the function:

Write",-1.410612485997959,"[9, 20]"
"
All functions submitted will be standardized to have x^0 as the term with the largest coefficient",-1.433086458452041,"[9, 20]"
"

Second, please explain why your function is able to model the relationships between inputs and outputs.",-1.3279383428755105,"[9, 20]"
"

Since you are asked to find a function that captures the relationship between inputs and outputs,",-1.3384857999183672,"[9, 20]"
"
    y = 
```",-1.3763891816693874,"[9, 20]"
"

I'm not sure what you mean by ""captures the relationship between inputs and outputs",-1.4341933739326531,"[9, 20]"
"

Next task.
The output depends on the ratio of two numbers, a and b.",-1.5115560593857142,"[9, 20]"
"

Here's a possible function that captures the relationship between inputs and outputs:

",-1.3348489974734692,"[9, 20]"
"y = ?

I know how to determine the given function in the form f(x)",-1.3693478570306117,"[9, 20]"
"

2. Write the function that captures the relationship between inputs and outputs. You should",-1.3731083944265303,"[9, 20]"
"
\end{ zarrien> }szágping medium Loading... vs.) We
are given",-1.4338093684938777,"[9, 20]"
"

Please explain the meaning of a and b in this function context. Request you to explain also",-1.5280244544734694,"[9, 20]"
"

The function that demonstrates the relationship is y = 10x - 30",-1.2887706363081632,"[9, 20]"
"

I'd prefer it if you entered the function explicitly in the form, but if you",-1.3781051469734695,"[9, 20]"
"
    
And explain why you think this input/output data can be represented by this function",-1.4265632241326531,"[9, 20]"
"
    y = 
    '

The given function can be represented as,

",-1.4446072961510203,"[9, 20]"
"

{% endsettings %}

Text

The function that captures the relationship between",-1.536057971063266,"[9, 20]"
"

Answer: y = -5x^0 - 25x^1.""
",-1.1367731289469387,"[3, -10]"
"


Instructions:

* Write the function that captures the relationship between",-1.1888544443142859,"[3, -10]"
"

It looks like this function has a unique relationship between inputs and outputs. Writing it in the",-1.2005600790061224,"[3, -10]"
"
Create a function that captures the relationship between the inputs and outputs. Write it in the form",-1.2261946385367346,"[3, -10]"
"

It is prescribed that a and b are constants.
 ",-1.2868658541510198,"[3, -10]"
"

1. y = 8 = (-6)^2 + 0* (-6)^",-1.1139003056755103,"[3, -10]"
"

sum_square_diff = (2*sum_square_diff_input)^",-1.1212910405795917,"[3, -10]"
"

Function: y = 2x^0 - 3x^1

For",-1.1274571308081633,"[3, -10]"
"

The function that captures the relationship between inputs and outputs is:

y = -",-1.165389368544898,"[3, -10]"
"

Is there any easy way to define the function? If not easy, can you find it",-1.235825745287755,"[3, -10]"
"


(1) y = 2x^0 - 5x^1",-1.1124399203940818,"[3, -10]"
"
 petit fleeur • 3 hours ago
Here are the equations for the given inputs and outputs",-1.172378334147551,"[3, -10]"
"

I'll be glad to help further. Let me know if you need anything else.",-1.1808118147714288,"[3, -10]"
"

may I have help with this question
may I have help with this question
may I",-1.2970900057367343,"[3, -10]"
"
    y = 



Therefore, we can see that:

-",-1.3498661848755098,"[3, -10]"
"
    y = 0 + 6x^1.
y =  -25",-1.0548493832163266,"[3, -10]"
"

The above function does not follow any known form, such as linear or quadratic. As such",-1.134088983832653,"[3, -10]"
y = [insert a here]x^0 + [insert b here]x^1.,-1.2047380871012243,"[3, -10]"
"
    y = 

If you think the relationship is NOT a linear one (i.",-1.207119536434694,"[3, -10]"
"

b = 0

b = 0

b = 1

",-1.306752695020408,"[3, -10]"
"

Answer:

Function: y = 2x^0 - 11x",-1.0269108865061225,"[3, -10]"
"

Please avoid using any calculator, after you fill the function, I'll plug the",-1.1866171545020405,"[3, -10]"
"

Answer: The function that captures the relationship between inputs and outputs is:
y =",-1.1870828548632653,"[3, -10]"
"

Next question:
Using the function you wrote above, determine the output of the function",-1.2371702035714285,"[3, -10]"
"
    y =



Please note that I would also appreciate any explanations with regards",-1.2500781079489798,"[3, -10]"
"

Now, analyze the provided function f(x) = x^2 + 2 and",-0.9874708193,"[3, 2]"
"
y = -9x^0 + 2x^1

# Now, use",-1.035597453595918,"[3, 2]"
"  y = 3x^0 + 2x^1 

This is a",-1.0498606426938775,"[3, 2]"
"
y = 3x Upon further analysis, you realize that there might be an error in the",-1.1112633391142857,"[3, 2]"
"





",-1.12800420422449,"[3, 2]"
"
Please enter a number:
$n
Expected Output:
29
8
",-0.925040903585714,"[3, 2]"
"

Answer:
The given data has a relationship of y = 4x^2 +",-1.0613587826122448,"[3, 2]"
"

We can see a pattern in the given inputs and outputs:

* When the input",-1.0641179254653061,"[3, 2]"
"
Arguments:
Arguments:
\end{ Édition foreign crossed out wrong}  I apolog",-1.204110132489796,"[3, 2]"
"

What is the meaning of x and y in this function?

What x-",-1.2112524664,"[3, 2]"
"

GCF(9) = 29 = 3*3*3^2",-1.0493131034836733,"[3, 2]"
"
    Aside: State whether the function will output positive, negative, or zero values for all",-1.0632407522510203,"[3, 2]"
"
    $$y = \boxed{a}x^{0} + \boxed{",-1.0675968769918363,"[3, 2]"
"

    * a (constant term) =
    * b (coefficient of x^",-1.0958921529632653,"[3, 2]"
"
    y = 
    a = 
    b = 

(please",-1.1068207321693877,"[3, 2]"
"
y = a(9)^0 + b(9)^1
y = a(2",-1.0499948404653061,"[3, 2]"
"

I will write the function in explicit form as:

f(x) = ",-1.072668950379592,"[3, 2]"
"

I'm not sure I understand what you're asking. Could you clarify?
",-1.086854507908163,"[3, 2]"
"



",-1.1106869740040821,"[3, 2]"
"

Public Content
How Did You Do It?  What was an obstacle for you?",-1.1290865726979593,"[3, 2]"
"

    y = 2x - 1

    Why do we need to run",-1.0048239365224487,"[3, 2]"
"
y = 2x^0 + 3x^1

Please check the function",-1.0582941241755102,"[3, 2]"
"

y = f(x) =  ?

4. In the function y =",-1.0643727139693877,"[3, 2]"
"

   Two points are enough to write a line, Two points you have, are enough",-1.1736496888142856,"[3, 2]"
"

I tried 2^9 = 512
 2^2 = ",-1.1839950321836736,"[3, 2]"
"

When testing the function and inputting the values, we find that:
    Input -",-1.3163756283938775,"[-7, -3]"
"

Let's presume the function is f(x) = ax^0 + b",-1.408651441928572,"[-7, -3]"
"

Using either the given function from the problem prompt or the one you derived, evaluate the",-1.4109931021163264,"[-7, -3]"
"

Answer: y = -4x^0 + 2x^1

",-1.4371822636726532,"[-7, -3]"
"
    y = 
{a}x^0 + {b}x^1
",-1.4878502191040812,"[-7, -3]"
"

Answer:

So, the given data points are:

(-16,",-1.308661627612245,"[-7, -3]"
"
y = ?

  There is a mistake in the question. Let's see if",-1.3902590500897958,"[-7, -3]"
"

Next, determine the values of a and b using the function in the previous question. Please",-1.4094804838755104,"[-7, -3]"
"

Please fill in the values of a and b such that the function you write can be used",-1.4726346893081637,"[-7, -3]"
"

Hint: use question mark operator (?) in place of x and then simplify.
When",-1.4835969652795917,"[-7, -3]"
"

Answer: y = 12x^0 + -5x^1
",-1.3493963808142855,"[-7, -3]"
"







You are given a function:
f(x)",-1.358992759685714,"[-7, -3]"
"
    y =  Output

#I know that the form of the function is y=",-1.3618129352918367,"[-7, -3]"
"



",-1.4240127402938774,"[-7, -3]"
"
",-1.5046152980979592,"[-7, -3]"
"

I got this question by searching online for a 4th degree polynomial equation that has rational",-1.3349659638979592,"[-7, -3]"
"


I understand that you want to find a linear function that satisfies all of the given",-1.336026736789796,"[-7, -3]"
"

Answer: Output: y = 5x^0 - 2x^1",-1.3938315768448986,"[-7, -3]"
"
- Convert the output to standard form by subtracting 10 from the output  (",-1.3989656490959181,"[-7, -3]"
"

Would you like to try the function with different inputs to see how well it fits",-1.403305228155102,"[-7, -3]"
"

When we plot the relationship between inputs and outputs of given function, 
    it forms",-1.3556663125734698,"[-7, -3]"
"

If the function has a specific domain or restrictions on the input values, please include that information",-1.3986726123857143,"[-7, -3]"
"
    y = 3x^0 + 4x^1

3. Use",-1.4119806687612244,"[-7, -3]"
"
y = 0x^0 + 1x^1
y = -10",-1.4474826856346936,"[-7, -3]"
"
The function that relates the inputs to outputs is,

    y = 4x",-1.4524479812285718,"[-7, -3]"
"

What values of a and b produce this function?
    To find the values of a",-1.5000826781775514,"[-16, 18]"
"
y = 

There are 5 data points and 2 unknowns. We can",-1.5182794733,"[-16, 18]"
"
```

Here are the inputs and outputs given in the problem:

* Input:",-1.5471280578959192,"[-16, 18]"
"

y = -4x^0 + 7x^1

Now, use",-1.5816965544679589,"[-16, 18]"
"

(esters, 2019)

Write a piecewise function for the",-1.6186060821428576,"[-16, 18]"
"

I am unsure of how to come up with the function given the data points provided.",-1.4658878908959185,"[-16, 18]"
"
\end{blockquote}
  The given inputs and outputs are:

I1 =",-1.504939158428571,"[-16, 18]"
"
    y =

Thank you in advance!

Answer: The given outputs can be",-1.5206682761489796,"[-16, 18]"
"
    $y = ax^0 + bx^1$

The function a(",-1.6139483861714286,"[-16, 18]"
"
    What does the function represent and why?",-1.6182189120367352,"[-16, 18]"
"
At this point, you should have a function that describes the relationship between the inputs and outputs",-1.4635461711183675,"[-16, 18]"
"

Answer:

y = 20x^0 - 3x^1",-1.4861986598826529,"[-16, 18]"
"

Let's try fitting a quadratic function which has the form:

y = ax",-1.5129994052804088,"[-16, 18]"
"
    •—————————— •——————",-1.6526097467857144,"[-16, 18]"
"
",-1.6658135419857147,"[-16, 18]"
"

Answer: y = 162 - 254x + 82",-1.313538251897551,"[-16, 18]"
"
    y = -162 + 306x^1

    -",-1.4562628290979591,"[-16, 18]"
"
puesto() = 
```
  Within the function, the outputpuesto() should",-1.6066228698020408,"[-16, 18]"
"
    y = 10^2 x^0 + (-3.8945",-1.6576393389795918,"[-16, 18]"
"
""}})));",-1.6632877169979592,"[-16, 18]"
"

Answer: y = 16x^0 - 23x^1.",-1.565521937114286,"[-16, 18]"
"




Please note that the voltage output is dependent on the input voltage squared therefore",-1.6109131775469392,"[-16, 18]"
"
    $$ y =  \ーuma¡ + ーuma¡ + ーuma¡",-1.629298107718367,"[-16, 18]"
"

3
3 * 10^3 +  10^2 * 1",-1.6392558382428573,"[-16, 18]"
"

alright, let's do it! from sklearn.methods import lar Matthew Effect",-1.6800811267755107,"[-16, 18]"
"

Note: a and b are constants that describe the relationship between inputs and outputs. Treat",-1.3024188996326531,"[20, -10]"
"


y = ax^0 + bx^1

Using the function you just",-1.3598799526122447,"[20, -10]"
"

Please let me know if there would be anything else you need to satisfy the answer.
",-1.3710331743965307,"[20, -10]"
"
y = 12x^0 + 23x^1

I'",-1.4008882125183675,"[20, -10]"
"
(""a"" and ""b"" are constants)


You're given ",-1.498073730808163,"[20, -10]"
"

It is possible to find the linear relationship between the inputs and outputs by analyzing the given",-1.2819127224122446,"[20, -10]"
"
```

The function that captures the relationship between the inputs and outputs is:
",-1.3261283288326535,"[20, -10]"
"

How would this function be classified?
Would this function be linear or nonlinear",-1.4025188712061227,"[20, -10]"
"
    y = ?

Note: You can use any variables, symbols, and math operations",-1.4099967211755104,"[20, -10]"
"
*  Please provide your answer in the format y = ax^0 + bx^1",-1.4134866133979593,"[20, -10]"
"

2. Use the function to make a prediction for the output value, when the input",-1.2399175744530613,"[20, -10]"
"y = 2x^0 + 3x^1

1. (2 points",-1.4040993876897965,"[20, -10]"
"

The function is: y = 2x^0 + 3x^1.",-1.431597367805306,"[20, -10]"
"

Answer: 

Please provide the function in the form Output: y = ax",-1.5007387258346945,"[20, -10]"
"
Make sure to give the values for a and b.  ",-1.5198263407122443,"[20, -10]"
"
    Please note that there are other functions that can model this relationship, but since the outputs do",-1.296694810210204,"[20, -10]"
"

Answer:
y = 20x^0 + 10x^1",-1.3061376293053066,"[20, -10]"
"

The function that captures the relationship between inputs and outputs is:
    Output: ",-1.3252406939326533,"[20, -10]"
"
Host: LinkLikesociates
    Import all Palace objects * as LL
Project Analy",-1.396995456681633,"[20, -10]"
"
y = _______________

I'm not sure, I need some help on",-1.4043848283877547,"[20, -10]"
"

So, for the function that captures the relationship between inputs and outputs, we have:",-1.2657537899448978,"[20, -10]"
"

Answer: y = 18x^0 + 12x^1
",-1.312562802734694,"[20, -10]"
"


To make sure your answer is correct, I will now give you some additional data",-1.3189224608540815,"[20, -10]"
"

Answer:

y = 17x^0 + 13x^",-1.43658255882449,"[20, -10]"
"

Second question, please find what is (a,b) (please write explicitly",-1.4962779792285714,"[20, -10]"
"
The function is 177 = 13 * 14 + 19",-1.0664580414714286,"[14, -5]"
"

Answer:
    y = 17x^0 - 4x^1",-1.2737678784204083,"[14, -5]"
"
Therefore, the function that captures the relationship between inputs and outputs is:

   ",-1.3168624657959185,"[14, -5]"
"

Thank you.",-1.4012058558530611,"[14, -5]"
"




My attempts so far:

I tried plucking values from the",-1.4141401543938776,"[14, -5]"
"

I tried to do this by myself but I'm having trouble with negative numbers.",-1.2665092635571433,"[14, -5]"
"
y = +-------+x^2
    y =  133   + ",-1.2961831397510208,"[14, -5]"
"
y = 

It is best to apply polynomial regression with fitted polynomial of degree 1",-1.4269015226026531,"[14, -5]"
"

Answer: 

y = 133x^0 - 67",-1.4339761368489792,"[14, -5]"
"

To ensure that your response is accurately assessed, please make sure that:

",-1.4601759939612249,"[14, -5]"
"
    y = Output

The domain of the function (write the exact form): domain =",-1.281833400502041,"[14, -5]"
"
    y = 
```
  The function that captures the relationship between inputs and outputs",-1.2828224814265305,"[14, -5]"
"

Please let me know, if you need more examples to make the relationship clear. ",-1.342194785036735,"[14, -5]"
"

y = 2x^0 + 3x^1

Alternatively",-1.3688287797081633,"[14, -5]"
"
y =  

Please give explicit values for a and b based on the function above.",-1.394127502495918,"[14, -5]"
"
177 = a(13)^0 + b(13)^1
1",-1.1504764174163267,"[14, -5]"
"

My answer is y = 7x^0 + 13x^1.",-1.2370080666110204,"[14, -5]"
"

Actually, this function is not linear, because its output is not a linear combination of",-1.2881689552204085,"[14, -5]"
"
    y = ?
    Please provide the output for input 16.

   ",-1.367659144277551,"[14, -5]"
"

Therefore, to find the best-fitting linear function for the data, we first",-1.4955247617681637,"[14, -5]"
"

Answer: y = 13x^0 + 7x^1

",-1.2771790616510204,"[14, -5]"
"
    y =

Before analyzing the relationship between the input and output, there are a",-1.3187643307408163,"[14, -5]"
"y = 

x^2 + 7x - 116

Input",-1.3525036757938778,"[14, -5]"
"

Note: Please explain your reasoning for arriving at this function.



",-1.3723405687081636,"[14, -5]"
"
    y = 

3x^0 + 2x^1

When",-1.4085544281183675,"[14, -5]"
