inputs,outputs,answer,correct
"Return the output preceded by 'Output:'
Input: lug dax
Output: blue green

Input: wif zup
Output: red yellow

Input: lug bluf
Output: blue blue

Input: wif walm
Output: red red red

Input: lug walm dax bluf
Output: blue blue blue green green

Let's think step by step about what the translation could be. Remember to write down 'Output:' before your final answer.
Input: wif dax
",Output: red blue,red green,False
"Return the output preceded by 'Output:'
Input: lug dax
Output: blue green

Input: wif zup
Output: red yellow

Input: lug bluf
Output: blue blue

Input: wif walm
Output: red red red

Input: lug walm dax bluf
Output: blue blue blue green green

Let's think step by step about what the translation could be. Remember to write down 'Output:' before your final answer.
Input: wif zup
",Output: red yellow,red yellow,True
"Return the output preceded by 'Output:'
Input: lug dax
Output: blue green

Input: wif zup
Output: red yellow

Input: lug bluf
Output: blue blue

Input: wif walm
Output: red red red

Input: lug walm dax bluf
Output: blue blue blue green green

Let's think step by step about what the translation could be. Remember to write down 'Output:' before your final answer.
Input: dax
",Output: green,green,True
"Return the output preceded by 'Output:'
Input: lug dax
Output: blue green

Input: wif zup
Output: red yellow

Input: lug bluf
Output: blue blue

Input: wif walm
Output: red red red

Input: lug walm dax bluf
Output: blue blue blue green green

Let's think step by step about what the translation could be. Remember to write down 'Output:' before your final answer.
Input: wif dax bluf
",Output: red green blue,red green green,False
"Return the output preceded by 'Output:'
Input: lug dax
Output: blue green

Input: wif zup
Output: red yellow

Input: lug bluf
Output: blue blue

Input: wif walm
Output: red red red

Input: lug walm dax bluf
Output: blue blue blue green green

Let's think step by step about what the translation could be. Remember to write down 'Output:' before your final answer.
Input: lug walm dax zup
",Output: blue red green yellow,blue blue blue green yellow,False
"Return the output preceded by 'Output:'
Input: lug dax
Output: blue green

Input: wif zup
Output: red yellow

Input: lug bluf
Output: blue blue

Input: wif walm
Output: red red red

Input: lug walm dax bluf
Output: blue blue blue green green

Let's think step by step about what the translation could be. Remember to write down 'Output:' before your final answer.
Input: dax zup dax zup
",Output: yellow yellow yellow yellow,green yellow green yellow,False
"Return the output preceded by 'Output:'
Input: lug dax
Output: blue green

Input: wif zup
Output: red yellow

Input: lug bluf
Output: blue blue

Input: wif walm
Output: red red red

Input: lug walm dax bluf
Output: blue blue blue green green

Let's think step by step about what the translation could be. Remember to write down 'Output:' before your final answer.
Input: wif
",Output: red,red,True
"Return the output preceded by 'Output:'
Input: lug dax
Output: blue green

Input: wif zup
Output: red yellow

Input: lug bluf
Output: blue blue

Input: wif walm
Output: red red red

Input: lug walm dax bluf
Output: blue blue blue green green

Let's think step by step about what the translation could be. Remember to write down 'Output:' before your final answer.
Input: lug walm
",Output: blue red,blue blue blue,False
"Return the output preceded by 'Output:'
Input: lug dax
Output: blue green

Input: wif zup
Output: red yellow

Input: lug bluf
Output: blue blue

Input: wif walm
Output: red red red

Input: lug walm dax bluf
Output: blue blue blue green green

Let's think step by step about what the translation could be. Remember to write down 'Output:' before your final answer.
Input: zup lug dax zup
",Output: yellow blue green yellow,yellow blue green yellow,True
"Return the output preceded by 'Output:'
Input: lug dax
Output: blue green

Input: wif zup
Output: red yellow

Input: lug bluf
Output: blue blue

Input: wif walm
Output: red red red

Input: lug walm dax bluf
Output: blue blue blue green green

Let's think step by step about what the translation could be. Remember to write down 'Output:' before your final answer.
Input: wif zup dax zup
",Output: red yellow blue yellow,red yellow green yellow,False
"Return the output preceded by 'Output:'
Input: lug dax
Output: blue green

Input: wif zup
Output: red yellow

Input: lug bluf
Output: blue blue

Input: wif walm
Output: red red red

Input: lug walm dax bluf
Output: blue blue blue green green

Let's think step by step about what the translation could be. Remember to write down 'Output:' before your final answer.
Input: dax
",Output: green,green,True
"Return the output preceded by 'Output:'
Input: lug dax
Output: blue green

Input: wif zup
Output: red yellow

Input: lug bluf
Output: blue blue

Input: wif walm
Output: red red red

Input: lug walm dax bluf
Output: blue blue blue green green

Let's think step by step about what the translation could be. Remember to write down 'Output:' before your final answer.
Input: wif zup lug dax
",Output: red yellow blue green,red yellow blue green,True
"Return the output preceded by 'Output:'
Input: lug dax
Output: blue green

Input: wif zup
Output: red yellow

Input: lug bluf
Output: blue blue

Input: wif walm
Output: red red red

Input: lug walm dax bluf
Output: blue blue blue green green

Let's think step by step about what the translation could be. Remember to write down 'Output:' before your final answer.
Input: zup
",Output: yellow,yellow,True
"Return the output preceded by 'Output:'
Input: lug dax
Output: blue green

Input: wif zup
Output: red yellow

Input: lug bluf
Output: blue blue

Input: wif walm
Output: red red red

Input: lug walm dax bluf
Output: blue blue blue green green

Let's think step by step about what the translation could be. Remember to write down 'Output:' before your final answer.
Input: lug wif walm
",Output: blue red red,blue red red red,False
"Return the output preceded by 'Output:'
Input: lug dax
Output: blue green

Input: wif zup
Output: red yellow

Input: lug bluf
Output: blue blue

Input: wif walm
Output: red red red

Input: lug walm dax bluf
Output: blue blue blue green green

Let's think step by step about what the translation could be. Remember to write down 'Output:' before your final answer.
Input: zup
",Output: yellow,yellow,True
"Return the output preceded by 'Output:'
Input: lug dax
Output: blue green

Input: wif zup
Output: red yellow

Input: lug bluf
Output: blue blue

Input: wif walm
Output: red red red

Input: lug walm dax bluf
Output: blue blue blue green green

Let's think step by step about what the translation could be. Remember to write down 'Output:' before your final answer.
Input: lug
",Output: blue,blue,True
"Return the output preceded by 'Output:'
Input: lug dax
Output: blue green

Input: wif zup
Output: red yellow

Input: lug bluf
Output: blue blue

Input: wif walm
Output: red red red

Input: lug walm dax bluf
Output: blue blue blue green green

Let's think step by step about what the translation could be. Remember to write down 'Output:' before your final answer.
Input: wif walm
",Output: red red red,red red red,True
"Return the output preceded by 'Output:'
Input: lug dax
Output: blue green

Input: wif zup
Output: red yellow

Input: lug bluf
Output: blue blue

Input: wif walm
Output: red red red

Input: lug walm dax bluf
Output: blue blue blue green green

Let's think step by step about what the translation could be. Remember to write down 'Output:' before your final answer.
Input: zup bluf
",Output: yellow blue,yellow yellow,False
"Return the output preceded by 'Output:'
Input: lug dax
Output: blue green

Input: wif zup
Output: red yellow

Input: lug bluf
Output: blue blue

Input: wif walm
Output: red red red

Input: lug walm dax bluf
Output: blue blue blue green green

Let's think step by step about what the translation could be. Remember to write down 'Output:' before your final answer.
Input: wif zup dax lug
",Output: red yellow green blue,red yellow green blue,True
"Return the output preceded by 'Output:'
Input: lug dax
Output: blue green

Input: wif zup
Output: red yellow

Input: lug bluf
Output: blue blue

Input: wif walm
Output: red red red

Input: lug walm dax bluf
Output: blue blue blue green green

Let's think step by step about what the translation could be. Remember to write down 'Output:' before your final answer.
Input: zup
",Output: yellow,yellow,True
"Return the output preceded by 'Output:'
Input: lug dax
Output: blue green

Input: wif zup
Output: red yellow

Input: lug bluf
Output: blue blue

Input: wif walm
Output: red red red

Input: lug walm dax bluf
Output: blue blue blue green green

Let's think step by step about what the translation could be. Remember to write down 'Output:' before your final answer.
Input: dax lug bluf wif
",Output: green blue blue red,green blue blue red,True
"Return the output preceded by 'Output:'
Input: lug dax
Output: blue green

Input: wif zup
Output: red yellow

Input: lug bluf
Output: blue blue

Input: wif walm
Output: red red red

Input: lug walm dax bluf
Output: blue blue blue green green

Let's think step by step about what the translation could be. Remember to write down 'Output:' before your final answer.
Input: dax
",Output: blue,green,False
"Return the output preceded by 'Output:'
Input: lug dax
Output: blue green

Input: wif zup
Output: red yellow

Input: lug bluf
Output: blue blue

Input: wif walm
Output: red red red

Input: lug walm dax bluf
Output: blue blue blue green green

Let's think step by step about what the translation could be. Remember to write down 'Output:' before your final answer.
Input: lug dax lug zup lug
",Output: blue green blue yellow blue,blue green blue yellow blue,True
"Return the output preceded by 'Output:'
Input: lug dax
Output: blue green

Input: wif zup
Output: red yellow

Input: lug bluf
Output: blue blue

Input: wif walm
Output: red red red

Input: lug walm dax bluf
Output: blue blue blue green green

Let's think step by step about what the translation could be. Remember to write down 'Output:' before your final answer.
Input: wif lug wif
",Output: red blue red,red blue red,True
"Return the output preceded by 'Output:'
Input: lug dax
Output: blue green

Input: wif zup
Output: red yellow

Input: lug bluf
Output: blue blue

Input: wif walm
Output: red red red

Input: lug walm dax bluf
Output: blue blue blue green green

Let's think step by step about what the translation could be. Remember to write down 'Output:' before your final answer.
Input: lug
",Output: blue,blue,True
"Return the output preceded by 'Output:'
Input: lug dax
Output: blue green

Input: wif zup
Output: red yellow

Input: lug bluf
Output: blue blue

Input: wif walm
Output: red red red

Input: lug walm dax bluf
Output: blue blue blue green green

Let's think step by step about what the translation could be. Remember to write down 'Output:' before your final answer.
Input: zup dax lug dax
",Output: yellow blue blue green,yellow green blue green,False
"Return the output preceded by 'Output:'
Input: lug dax
Output: blue green

Input: wif zup
Output: red yellow

Input: lug bluf
Output: blue blue

Input: wif walm
Output: red red red

Input: lug walm dax bluf
Output: blue blue blue green green

Let's think step by step about what the translation could be. Remember to write down 'Output:' before your final answer.
Input: wif
",Output: red,red,True
"Return the output preceded by 'Output:'
Input: lug dax
Output: blue green

Input: wif zup
Output: red yellow

Input: lug bluf
Output: blue blue

Input: wif walm
Output: red red red

Input: lug walm dax bluf
Output: blue blue blue green green

Let's think step by step about what the translation could be. Remember to write down 'Output:' before your final answer.
Input: lug zup
",Output: blue yellow,blue yellow,True
"Return the output preceded by 'Output:'
Input: lug dax
Output: blue green

Input: wif zup
Output: red yellow

Input: lug bluf
Output: blue blue

Input: wif walm
Output: red red red

Input: lug walm dax bluf
Output: blue blue blue green green

Let's think step by step about what the translation could be. Remember to write down 'Output:' before your final answer.
Input: lug
",Output: blue,blue,True
"Return the output preceded by 'Output:'
Input: lug dax
Output: blue green

Input: wif zup
Output: red yellow

Input: lug bluf
Output: blue blue

Input: wif walm
Output: red red red

Input: lug walm dax bluf
Output: blue blue blue green green

Let's think step by step about what the translation could be. Remember to write down 'Output:' before your final answer.
Input: dax walm
",Output: green red,green green green,False
"Return the output preceded by 'Output:'
Input: lug dax
Output: blue green

Input: wif zup
Output: red yellow

Input: lug bluf
Output: blue blue

Input: wif walm
Output: red red red

Input: lug walm dax bluf
Output: blue blue blue green green

Let's think step by step about what the translation could be. Remember to write down 'Output:' before your final answer.
Input: zup
",Output: Output: yellow,yellow,True
"Return the output preceded by 'Output:'
Input: lug dax
Output: blue green

Input: wif zup
Output: red yellow

Input: lug bluf
Output: blue blue

Input: wif walm
Output: red red red

Input: lug walm dax bluf
Output: blue blue blue green green

Let's think step by step about what the translation could be. Remember to write down 'Output:' before your final answer.
Input: wif zup walm
",Output: red yellow red,red yellow yellow yellow,False
"Return the output preceded by 'Output:'
Input: lug dax
Output: blue green

Input: wif zup
Output: red yellow

Input: lug bluf
Output: blue blue

Input: wif walm
Output: red red red

Input: lug walm dax bluf
Output: blue blue blue green green

Let's think step by step about what the translation could be. Remember to write down 'Output:' before your final answer.
Input: dax wif
",Output: yellow red,green red,False
"Return the output preceded by 'Output:'
Input: lug dax
Output: blue green

Input: wif zup
Output: red yellow

Input: lug bluf
Output: blue blue

Input: wif walm
Output: red red red

Input: lug walm dax bluf
Output: blue blue blue green green

Let's think step by step about what the translation could be. Remember to write down 'Output:' before your final answer.
Input: dax zup
",Output: green yellow,green yellow,True
"Return the output preceded by 'Output:'
Input: lug dax
Output: blue green

Input: wif zup
Output: red yellow

Input: lug bluf
Output: blue blue

Input: wif walm
Output: red red red

Input: lug walm dax bluf
Output: blue blue blue green green

Let's think step by step about what the translation could be. Remember to write down 'Output:' before your final answer.
Input: wif
",Output: red,red,True
"Return the output preceded by 'Output:'
Input: lug dax
Output: blue green

Input: wif zup
Output: red yellow

Input: lug bluf
Output: blue blue

Input: wif walm
Output: red red red

Input: lug walm dax bluf
Output: blue blue blue green green

Let's think step by step about what the translation could be. Remember to write down 'Output:' before your final answer.
Input: lug
",Output: blue,blue,True
"Return the output preceded by 'Output:'
Input: lug dax
Output: blue green

Input: wif zup
Output: red yellow

Input: lug bluf
Output: blue blue

Input: wif walm
Output: red red red

Input: lug walm dax bluf
Output: blue blue blue green green

Let's think step by step about what the translation could be. Remember to write down 'Output:' before your final answer.
Input: zup
",Output: yellow,yellow,True
"Return the output preceded by 'Output:'
Input: lug dax
Output: blue green

Input: wif zup
Output: red yellow

Input: lug bluf
Output: blue blue

Input: wif walm
Output: red red red

Input: lug walm dax bluf
Output: blue blue blue green green

Let's think step by step about what the translation could be. Remember to write down 'Output:' before your final answer.
Input: lug
",Output: blue,blue,True
"Return the output preceded by 'Output:'
Input: lug dax
Output: blue green

Input: wif zup
Output: red yellow

Input: lug bluf
Output: blue blue

Input: wif walm
Output: red red red

Input: lug walm dax bluf
Output: blue blue blue green green

Let's think step by step about what the translation could be. Remember to write down 'Output:' before your final answer.
Input: wif
",Output: red,red,True
"Return the output preceded by 'Output:'
Input: lug dax
Output: blue green

Input: wif zup
Output: red yellow

Input: lug bluf
Output: blue blue

Input: wif walm
Output: red red red

Input: lug walm dax bluf
Output: blue blue blue green green

Let's think step by step about what the translation could be. Remember to write down 'Output:' before your final answer.
Input: zup
",Output: yellow,yellow,True
"Return the output preceded by 'Output:'
Input: lug dax
Output: blue green

Input: wif zup
Output: red yellow

Input: lug bluf
Output: blue blue

Input: wif walm
Output: red red red

Input: lug walm dax bluf
Output: blue blue blue green green

Let's think step by step about what the translation could be. Remember to write down 'Output:' before your final answer.
Input: dax
",Output: blue,green,False
"Return the output preceded by 'Output:'
Input: lug dax
Output: blue green

Input: wif zup
Output: red yellow

Input: lug bluf
Output: blue blue

Input: wif walm
Output: red red red

Input: lug walm dax bluf
Output: blue blue blue green green

Let's think step by step about what the translation could be. Remember to write down 'Output:' before your final answer.
Input: lug wif
",Output: blue red,blue red,True
"Return the output preceded by 'Output:'
Input: lug dax
Output: blue green

Input: wif zup
Output: red yellow

Input: lug bluf
Output: blue blue

Input: wif walm
Output: red red red

Input: lug walm dax bluf
Output: blue blue blue green green

Let's think step by step about what the translation could be. Remember to write down 'Output:' before your final answer.
Input: zup walm wif
",Output: yellow red red,yellow yellow yellow red,False
"Return the output preceded by 'Output:'
Input: lug dax
Output: blue green

Input: wif zup
Output: red yellow

Input: lug bluf
Output: blue blue

Input: wif walm
Output: red red red

Input: lug walm dax bluf
Output: blue blue blue green green

Let's think step by step about what the translation could be. Remember to write down 'Output:' before your final answer.
Input: lug
",Output: blue,blue,True
"Return the output preceded by 'Output:'
Input: lug dax
Output: blue green

Input: wif zup
Output: red yellow

Input: lug bluf
Output: blue blue

Input: wif walm
Output: red red red

Input: lug walm dax bluf
Output: blue blue blue green green

Let's think step by step about what the translation could be. Remember to write down 'Output:' before your final answer.
Input: zup
",Output: Output: yellow,yellow,True
"Return the output preceded by 'Output:'
Input: lug dax
Output: blue green

Input: wif zup
Output: red yellow

Input: lug bluf
Output: blue blue

Input: wif walm
Output: red red red

Input: lug walm dax bluf
Output: blue blue blue green green

Let's think step by step about what the translation could be. Remember to write down 'Output:' before your final answer.
Input: wif walm zup
",Output: red red yellow,red red red yellow,False
"Return the output preceded by 'Output:'
Input: lug dax
Output: blue green

Input: wif zup
Output: red yellow

Input: lug bluf
Output: blue blue

Input: wif walm
Output: red red red

Input: lug walm dax bluf
Output: blue blue blue green green

Let's think step by step about what the translation could be. Remember to write down 'Output:' before your final answer.
Input: dax
",Output: blue,green,False
"Return the output preceded by 'Output:'
Input: lug dax
Output: blue green

Input: wif zup
Output: red yellow

Input: lug bluf
Output: blue blue

Input: wif walm
Output: red red red

Input: lug walm dax bluf
Output: blue blue blue green green

Let's think step by step about what the translation could be. Remember to write down 'Output:' before your final answer.
Input: zup walm lug
",Output: yellow red blue,yellow yellow yellow blue,False
"Return the output preceded by 'Output:'
Input: lug dax
Output: blue green

Input: wif zup
Output: red yellow

Input: lug bluf
Output: blue blue

Input: wif walm
Output: red red red

Input: lug walm dax bluf
Output: blue blue blue green green

Let's think step by step about what the translation could be. Remember to write down 'Output:' before your final answer.
Input: wif lug walm dax
",Output: red blue red green,red blue blue blue green,False
"Return the output preceded by 'Output:'
Input: lug dax
Output: blue green

Input: wif zup
Output: red yellow

Input: lug bluf
Output: blue blue

Input: wif walm
Output: red red red

Input: lug walm dax bluf
Output: blue blue blue green green

Let's think step by step about what the translation could be. Remember to write down 'Output:' before your final answer.
Input: lug dax wif
",Output: green red,blue green red,False
"Return the output preceded by 'Output:'
Input: lug dax
Output: blue green

Input: wif zup
Output: red yellow

Input: lug bluf
Output: blue blue

Input: wif walm
Output: red red red

Input: lug walm dax bluf
Output: blue blue blue green green

Let's think step by step about what the translation could be. Remember to write down 'Output:' before your final answer.
Input: lug walm zup lug bluf wif
",Output: blue red yellow blue blue red,blue blue blue yellow blue blue red,False
"Return the output preceded by 'Output:'
Input: lug dax
Output: blue green

Input: wif zup
Output: red yellow

Input: lug bluf
Output: blue blue

Input: wif walm
Output: red red red

Input: lug walm dax bluf
Output: blue blue blue green green

Let's think step by step about what the translation could be. Remember to write down 'Output:' before your final answer.
Input: zup dax walm lug bluf dax wif
",Output: yellow green red blue blue green red,yellow green green green blue blue green red,False
"Return the output preceded by 'Output:'
Input: lug dax
Output: blue green

Input: wif zup
Output: red yellow

Input: lug bluf
Output: blue blue

Input: wif walm
Output: red red red

Input: lug walm dax bluf
Output: blue blue blue green green

Let's think step by step about what the translation could be. Remember to write down 'Output:' before your final answer.
Input: dax walm wif walm dax lug dax
",Output: green red red red green blue,green green green red red red green blue green,False
"Return the output preceded by 'Output:'
Input: lug dax
Output: blue green

Input: wif zup
Output: red yellow

Input: lug bluf
Output: blue blue

Input: wif walm
Output: red red red

Input: lug walm dax bluf
Output: blue blue blue green green

Let's think step by step about what the translation could be. Remember to write down 'Output:' before your final answer.
Input: lug dax lug
",Output: blue green blue,blue green blue,True
"Return the output preceded by 'Output:'
Input: lug dax
Output: blue green

Input: wif zup
Output: red yellow

Input: lug bluf
Output: blue blue

Input: wif walm
Output: red red red

Input: lug walm dax bluf
Output: blue blue blue green green

Let's think step by step about what the translation could be. Remember to write down 'Output:' before your final answer.
Input: wif lug
",Output: red blue,red blue,True
"Return the output preceded by 'Output:'
Input: lug dax
Output: blue green

Input: wif zup
Output: red yellow

Input: lug bluf
Output: blue blue

Input: wif walm
Output: red red red

Input: lug walm dax bluf
Output: blue blue blue green green

Let's think step by step about what the translation could be. Remember to write down 'Output:' before your final answer.
Input: dax
",Output: blue,green,False
"Return the output preceded by 'Output:'
Input: lug dax
Output: blue green

Input: wif zup
Output: red yellow

Input: lug bluf
Output: blue blue

Input: wif walm
Output: red red red

Input: lug walm dax bluf
Output: blue blue blue green green

Let's think step by step about what the translation could be. Remember to write down 'Output:' before your final answer.
Input: zup dax walm lug
",Output: yellow green red blue,yellow green green green blue,False
"Return the output preceded by 'Output:'
Input: lug dax
Output: blue green

Input: wif zup
Output: red yellow

Input: lug bluf
Output: blue blue

Input: wif walm
Output: red red red

Input: lug walm dax bluf
Output: blue blue blue green green

Let's think step by step about what the translation could be. Remember to write down 'Output:' before your final answer.
Input: dax bluf wif
",Output: green green red,green green red,True
"Return the output preceded by 'Output:'
Input: lug dax
Output: blue green

Input: wif zup
Output: red yellow

Input: lug bluf
Output: blue blue

Input: wif walm
Output: red red red

Input: lug walm dax bluf
Output: blue blue blue green green

Let's think step by step about what the translation could be. Remember to write down 'Output:' before your final answer.
Input: dax lug wif
",Output: green blue red,green blue red,True
"Return the output preceded by 'Output:'
Input: lug dax
Output: blue green

Input: wif zup
Output: red yellow

Input: lug bluf
Output: blue blue

Input: wif walm
Output: red red red

Input: lug walm dax bluf
Output: blue blue blue green green

Let's think step by step about what the translation could be. Remember to write down 'Output:' before your final answer.
Input: lug walm dax
",Output: blue red green,blue blue blue green,False
"Return the output preceded by 'Output:'
Input: lug dax
Output: blue green

Input: wif zup
Output: red yellow

Input: lug bluf
Output: blue blue

Input: wif walm
Output: red red red

Input: lug walm dax bluf
Output: blue blue blue green green

Let's think step by step about what the translation could be. Remember to write down 'Output:' before your final answer.
Input: wif
",Output: red,red,True
"Return the output preceded by 'Output:'
Input: lug dax
Output: blue green

Input: wif zup
Output: red yellow

Input: lug bluf
Output: blue blue

Input: wif walm
Output: red red red

Input: lug walm dax bluf
Output: blue blue blue green green

Let's think step by step about what the translation could be. Remember to write down 'Output:' before your final answer.
Input: dax walm
",Output: yellow red,green green green,False
"Return the output preceded by 'Output:'
Input: lug dax
Output: blue green

Input: wif zup
Output: red yellow

Input: lug bluf
Output: blue blue

Input: wif walm
Output: red red red

Input: lug walm dax bluf
Output: blue blue blue green green

Let's think step by step about what the translation could be. Remember to write down 'Output:' before your final answer.
Input: lug
",Output: blue,blue,True
"Return the output preceded by 'Output:'
Input: lug dax
Output: blue green

Input: wif zup
Output: red yellow

Input: lug bluf
Output: blue blue

Input: wif walm
Output: red red red

Input: lug walm dax bluf
Output: blue blue blue green green

Let's think step by step about what the translation could be. Remember to write down 'Output:' before your final answer.
Input: wif
",Output: red,red,True
"Return the output preceded by 'Output:'
Input: lug dax
Output: blue green

Input: wif zup
Output: red yellow

Input: lug bluf
Output: blue blue

Input: wif walm
Output: red red red

Input: lug walm dax bluf
Output: blue blue blue green green

Let's think step by step about what the translation could be. Remember to write down 'Output:' before your final answer.
Input: lug dax wif bluf
",Output: blue green red blue,blue green red red,False
"Return the output preceded by 'Output:'
Input: lug dax
Output: blue green

Input: wif zup
Output: red yellow

Input: lug bluf
Output: blue blue

Input: wif walm
Output: red red red

Input: lug walm dax bluf
Output: blue blue blue green green

Let's think step by step about what the translation could be. Remember to write down 'Output:' before your final answer.
Input: dax
",Output: blue,green,False
"Return the output preceded by 'Output:'
Input: lug dax
Output: blue green

Input: wif zup
Output: red yellow

Input: lug bluf
Output: blue blue

Input: wif walm
Output: red red red

Input: lug walm dax bluf
Output: blue blue blue green green

Let's think step by step about what the translation could be. Remember to write down 'Output:' before your final answer.
Input: zup
",Output: yellow,yellow,True
"Return the output preceded by 'Output:'
Input: lug dax
Output: blue green

Input: wif zup
Output: red yellow

Input: lug bluf
Output: blue blue

Input: wif walm
Output: red red red

Input: lug walm dax bluf
Output: blue blue blue green green

Let's think step by step about what the translation could be. Remember to write down 'Output:' before your final answer.
Input: lug
",Output: blue,blue,True
"Return the output preceded by 'Output:'
Input: lug dax
Output: blue green

Input: wif zup
Output: red yellow

Input: lug bluf
Output: blue blue

Input: wif walm
Output: red red red

Input: lug walm dax bluf
Output: blue blue blue green green

Let's think step by step about what the translation could be. Remember to write down 'Output:' before your final answer.
Input: wif
",Output: red,red,True
"Return the output preceded by 'Output:'
Input: lug dax
Output: blue green

Input: wif zup
Output: red yellow

Input: lug bluf
Output: blue blue

Input: wif walm
Output: red red red

Input: lug walm dax bluf
Output: blue blue blue green green

Let's think step by step about what the translation could be. Remember to write down 'Output:' before your final answer.
Input: zup wif
",Output: yellow red,yellow red,True
"Return the output preceded by 'Output:'
Input: lug dax
Output: blue green

Input: wif zup
Output: red yellow

Input: lug bluf
Output: blue blue

Input: wif walm
Output: red red red

Input: lug walm dax bluf
Output: blue blue blue green green

Let's think step by step about what the translation could be. Remember to write down 'Output:' before your final answer.
Input: lug
",Output: blue,blue,True
"Return the output preceded by 'Output:'
Input: lug dax
Output: blue green

Input: wif zup
Output: red yellow

Input: lug bluf
Output: blue blue

Input: wif walm
Output: red red red

Input: lug walm dax bluf
Output: blue blue blue green green

Let's think step by step about what the translation could be. Remember to write down 'Output:' before your final answer.
Input: zup
",Output: yellow,yellow,True
"Return the output preceded by 'Output:'
Input: lug dax
Output: blue green

Input: wif zup
Output: red yellow

Input: lug bluf
Output: blue blue

Input: wif walm
Output: red red red

Input: lug walm dax bluf
Output: blue blue blue green green

Let's think step by step about what the translation could be. Remember to write down 'Output:' before your final answer.
Input: lug zup dax
",Output: blue yellow green,blue yellow green,True
"Return the output preceded by 'Output:'
Input: lug dax
Output: blue green

Input: wif zup
Output: red yellow

Input: lug bluf
Output: blue blue

Input: wif walm
Output: red red red

Input: lug walm dax bluf
Output: blue blue blue green green

Let's think step by step about what the translation could be. Remember to write down 'Output:' before your final answer.
Input: lug wif dax walm
",Output: blue red green red,blue red green green green,False
"Return the output preceded by 'Output:'
Input: lug dax
Output: blue green

Input: wif zup
Output: red yellow

Input: lug bluf
Output: blue blue

Input: wif walm
Output: red red red

Input: lug walm dax bluf
Output: blue blue blue green green

Let's think step by step about what the translation could be. Remember to write down 'Output:' before your final answer.
Input: zup dax lug walm
",Output: yellow blue blue red,yellow green blue blue blue,False
"Return the output preceded by 'Output:'
Input: lug dax
Output: blue green

Input: wif zup
Output: red yellow

Input: lug bluf
Output: blue blue

Input: wif walm
Output: red red red

Input: lug walm dax bluf
Output: blue blue blue green green

Let's think step by step about what the translation could be. Remember to write down 'Output:' before your final answer.
Input: wif
",Output: red,red,True
"Return the output preceded by 'Output:'
Input: lug dax
Output: blue green

Input: wif zup
Output: red yellow

Input: lug bluf
Output: blue blue

Input: wif walm
Output: red red red

Input: lug walm dax bluf
Output: blue blue blue green green

Let's think step by step about what the translation could be. Remember to write down 'Output:' before your final answer.
Input: zup walm dax
",Output: yellow red green,yellow yellow yellow green,False
"Return the output preceded by 'Output:'
Input: lug dax
Output: blue green

Input: wif zup
Output: red yellow

Input: lug bluf
Output: blue blue

Input: wif walm
Output: red red red

Input: lug walm dax bluf
Output: blue blue blue green green

Let's think step by step about what the translation could be. Remember to write down 'Output:' before your final answer.
Input: zup dax
",Output: yellow green,yellow green,True
"Return the output preceded by 'Output:'
Input: lug dax
Output: blue green

Input: wif zup
Output: red yellow

Input: lug bluf
Output: blue blue

Input: wif walm
Output: red red red

Input: lug walm dax bluf
Output: blue blue blue green green

Let's think step by step about what the translation could be. Remember to write down 'Output:' before your final answer.
Input: lug dax wif
",Output: blue green red,blue green red,True
"Return the output preceded by 'Output:'
Input: lug dax
Output: blue green

Input: wif zup
Output: red yellow

Input: lug bluf
Output: blue blue

Input: wif walm
Output: red red red

Input: lug walm dax bluf
Output: blue blue blue green green

Let's think step by step about what the translation could be. Remember to write down 'Output:' before your final answer.
Input: zup bluf lug
",Output: yellow blue blue,yellow yellow blue,False
"Return the output preceded by 'Output:'
Input: lug dax
Output: blue green

Input: wif zup
Output: red yellow

Input: lug bluf
Output: blue blue

Input: wif walm
Output: red red red

Input: lug walm dax bluf
Output: blue blue blue green green

Let's think step by step about what the translation could be. Remember to write down 'Output:' before your final answer.
Input: wif
",Output: red,red,True
"Return the output preceded by 'Output:'
Input: lug dax
Output: blue green

Input: wif zup
Output: red yellow

Input: lug bluf
Output: blue blue

Input: wif walm
Output: red red red

Input: lug walm dax bluf
Output: blue blue blue green green

Let's think step by step about what the translation could be. Remember to write down 'Output:' before your final answer.
Input: zup
",Output: yellow,yellow,True
"Return the output preceded by 'Output:'
Input: lug dax
Output: blue green

Input: wif zup
Output: red yellow

Input: lug bluf
Output: blue blue

Input: wif walm
Output: red red red

Input: lug walm dax bluf
Output: blue blue blue green green

Let's think step by step about what the translation could be. Remember to write down 'Output:' before your final answer.
Input: wif lug
",Output: red blue,red blue,True
"Return the output preceded by 'Output:'
Input: lug dax
Output: blue green

Input: wif zup
Output: red yellow

Input: lug bluf
Output: blue blue

Input: wif walm
Output: red red red

Input: lug walm dax bluf
Output: blue blue blue green green

Let's think step by step about what the translation could be. Remember to write down 'Output:' before your final answer.
Input: wif
",Output: red,red,True
"Return the output preceded by 'Output:'
Input: lug dax
Output: blue green

Input: wif zup
Output: red yellow

Input: lug bluf
Output: blue blue

Input: wif walm
Output: red red red

Input: lug walm dax bluf
Output: blue blue blue green green

Let's think step by step about what the translation could be. Remember to write down 'Output:' before your final answer.
Input: zup bluf
",Output: green blue,yellow yellow,False
"Return the output preceded by 'Output:'
Input: lug dax
Output: blue green

Input: wif zup
Output: red yellow

Input: lug bluf
Output: blue blue

Input: wif walm
Output: red red red

Input: lug walm dax bluf
Output: blue blue blue green green

Let's think step by step about what the translation could be. Remember to write down 'Output:' before your final answer.
Input: dax wif zup dax
",Output: red yellow red red,green red yellow green,False
"Return the output preceded by 'Output:'
Input: lug dax
Output: blue green

Input: wif zup
Output: red yellow

Input: lug bluf
Output: blue blue

Input: wif walm
Output: red red red

Input: lug walm dax bluf
Output: blue blue blue green green

Let's think step by step about what the translation could be. Remember to write down 'Output:' before your final answer.
Input: wif
",Output: red,red,True
"Return the output preceded by 'Output:'
Input: lug dax
Output: blue green

Input: wif zup
Output: red yellow

Input: lug bluf
Output: blue blue

Input: wif walm
Output: red red red

Input: lug walm dax bluf
Output: blue blue blue green green

Let's think step by step about what the translation could be. Remember to write down 'Output:' before your final answer.
Input: dax
",Output: blue,green,False
"Return the output preceded by 'Output:'
Input: lug dax
Output: blue green

Input: wif zup
Output: red yellow

Input: lug bluf
Output: blue blue

Input: wif walm
Output: red red red

Input: lug walm dax bluf
Output: blue blue blue green green

Let's think step by step about what the translation could be. Remember to write down 'Output:' before your final answer.
Input: zup bluf
",Output: yellow blue,yellow yellow,False
"Return the output preceded by 'Output:'
Input: lug dax
Output: blue green

Input: wif zup
Output: red yellow

Input: lug bluf
Output: blue blue

Input: wif walm
Output: red red red

Input: lug walm dax bluf
Output: blue blue blue green green

Let's think step by step about what the translation could be. Remember to write down 'Output:' before your final answer.
Input: lug wif
",Output: blue red,blue red,True
"Return the output preceded by 'Output:'
Input: lug dax
Output: blue green

Input: wif zup
Output: red yellow

Input: lug bluf
Output: blue blue

Input: wif walm
Output: red red red

Input: lug walm dax bluf
Output: blue blue blue green green

Let's think step by step about what the translation could be. Remember to write down 'Output:' before your final answer.
Input: dax walm
",Output: green red,green green green,False
"Return the output preceded by 'Output:'
Input: lug dax
Output: blue green

Input: wif zup
Output: red yellow

Input: lug bluf
Output: blue blue

Input: wif walm
Output: red red red

Input: lug walm dax bluf
Output: blue blue blue green green

Let's think step by step about what the translation could be. Remember to write down 'Output:' before your final answer.
Input: zup bluf lug
",Output: yellow blue blue,yellow yellow blue,False
"Return the output preceded by 'Output:'
Input: lug dax
Output: blue green

Input: wif zup
Output: red yellow

Input: lug bluf
Output: blue blue

Input: wif walm
Output: red red red

Input: lug walm dax bluf
Output: blue blue blue green green

Let's think step by step about what the translation could be. Remember to write down 'Output:' before your final answer.
Input: wif lug walm dax
",Output: red blue red green,red blue blue blue green,False
"Return the output preceded by 'Output:'
Input: lug dax
Output: blue green

Input: wif zup
Output: red yellow

Input: lug bluf
Output: blue blue

Input: wif walm
Output: red red red

Input: lug walm dax bluf
Output: blue blue blue green green

Let's think step by step about what the translation could be. Remember to write down 'Output:' before your final answer.
Input: zup dax
",Output: yellow green,yellow green,True
"Return the output preceded by 'Output:'
Input: lug dax
Output: blue green

Input: wif zup
Output: red yellow

Input: lug bluf
Output: blue blue

Input: wif walm
Output: red red red

Input: lug walm dax bluf
Output: blue blue blue green green

Let's think step by step about what the translation could be. Remember to write down 'Output:' before your final answer.
Input: lug
",Output: blue,blue,True
"Return the output preceded by 'Output:'
Input: lug dax
Output: blue green

Input: wif zup
Output: red yellow

Input: lug bluf
Output: blue blue

Input: wif walm
Output: red red red

Input: lug walm dax bluf
Output: blue blue blue green green

Let's think step by step about what the translation could be. Remember to write down 'Output:' before your final answer.
Input: wif walm dax
",Output: red red blue,red red red green,False
"Return the output preceded by 'Output:'
Input: lug dax
Output: blue green

Input: wif zup
Output: red yellow

Input: lug bluf
Output: blue blue

Input: wif walm
Output: red red red

Input: lug walm dax bluf
Output: blue blue blue green green

Let's think step by step about what the translation could be. Remember to write down 'Output:' before your final answer.
Input: wif lug wif zup bluf
",Output: red blue red yellow blue,red blue red yellow yellow,False
"Return the output preceded by 'Output:'
Input: lug dax
Output: blue green

Input: wif zup
Output: red yellow

Input: lug bluf
Output: blue blue

Input: wif walm
Output: red red red

Input: lug walm dax bluf
Output: blue blue blue green green

Let's think step by step about what the translation could be. Remember to write down 'Output:' before your final answer.
Input: wif zup
",Output: red yellow,red yellow,True
"Return the output preceded by 'Output:'
Input: lug dax
Output: blue green

Input: wif zup
Output: red yellow

Input: lug bluf
Output: blue blue

Input: wif walm
Output: red red red

Input: lug walm dax bluf
Output: blue blue blue green green

Let's think step by step about what the translation could be. Remember to write down 'Output:' before your final answer.
Input: dax zup dax
",Output: yellow yellow yellow,green yellow green,False
"Return the output preceded by 'Output:'
Input: lug dax
Output: blue green

Input: wif zup
Output: red yellow

Input: lug bluf
Output: blue blue

Input: wif walm
Output: red red red

Input: lug walm dax bluf
Output: blue blue blue green green

Let's think step by step about what the translation could be. Remember to write down 'Output:' before your final answer.
Input: lug walm zup
",Output: blue red yellow,blue blue blue yellow,False
"Return the output preceded by 'Output:'
Input: lug dax
Output: blue green

Input: wif zup
Output: red yellow

Input: lug bluf
Output: blue blue

Input: wif walm
Output: red red red

Input: lug walm dax bluf
Output: blue blue blue green green

Let's think step by step about what the translation could be. Remember to write down 'Output:' before your final answer.
Input: wif lug zup bluf wif bluf
",Output: red blue yellow blue red blue,red blue yellow yellow red red,False
"Return the output preceded by 'Output:'
Input: lug dax
Output: blue green

Input: wif zup
Output: red yellow

Input: lug bluf
Output: blue blue

Input: wif walm
Output: red red red

Input: lug walm dax bluf
Output: blue blue blue green green

Let's think step by step about what the translation could be. Remember to write down 'Output:' before your final answer.
Input: zup
",Output: yellow,yellow,True
"Return the output preceded by 'Output:'
Input: lug dax
Output: blue green

Input: wif zup
Output: red yellow

Input: lug bluf
Output: blue blue

Input: wif walm
Output: red red red

Input: lug walm dax bluf
Output: blue blue blue green green

Let's think step by step about what the translation could be. Remember to write down 'Output:' before your final answer.
Input: dax zup walm dax wif lug
",Output: green yellow red green red blue,green yellow yellow yellow green red blue,False
"Return the output preceded by 'Output:'
Input: lug dax
Output: blue green

Input: wif zup
Output: red yellow

Input: lug bluf
Output: blue blue

Input: wif walm
Output: red red red

Input: lug walm dax bluf
Output: blue blue blue green green

Let's think step by step about what the translation could be. Remember to write down 'Output:' before your final answer.
Input: wif zup dax zup
",Output: red yellow blue yellow,red yellow green yellow,False
"Return the output preceded by 'Output:'
Input: lug dax
Output: blue green

Input: wif zup
Output: red yellow

Input: lug bluf
Output: blue blue

Input: wif walm
Output: red red red

Input: lug walm dax bluf
Output: blue blue blue green green

Let's think step by step about what the translation could be. Remember to write down 'Output:' before your final answer.
Input: dax wif bluf
",Output: yellow red blue,green red red,False
"Return the output preceded by 'Output:'
Input: lug dax
Output: blue green

Input: wif zup
Output: red yellow

Input: lug bluf
Output: blue blue

Input: wif walm
Output: red red red

Input: lug walm dax bluf
Output: blue blue blue green green

Let's think step by step about what the translation could be. Remember to write down 'Output:' before your final answer.
Input: zup walm
",Output: yellow red,yellow yellow yellow,False
"Return the output preceded by 'Output:'
Input: lug dax
Output: blue green

Input: wif zup
Output: red yellow

Input: lug bluf
Output: blue blue

Input: wif walm
Output: red red red

Input: lug walm dax bluf
Output: blue blue blue green green

Let's think step by step about what the translation could be. Remember to write down 'Output:' before your final answer.
Input: wif
",Output: red,red,True
"Return the output preceded by 'Output:'
Input: lug dax
Output: blue green

Input: wif zup
Output: red yellow

Input: lug bluf
Output: blue blue

Input: wif walm
Output: red red red

Input: lug walm dax bluf
Output: blue blue blue green green

Let's think step by step about what the translation could be. Remember to write down 'Output:' before your final answer.
Input: zup
",Output: yellow,yellow,True
"Return the output preceded by 'Output:'
Input: lug dax
Output: blue green

Input: wif zup
Output: red yellow

Input: lug bluf
Output: blue blue

Input: wif walm
Output: red red red

Input: lug walm dax bluf
Output: blue blue blue green green

Let's think step by step about what the translation could be. Remember to write down 'Output:' before your final answer.
Input: dax
",Output: white,green,False
"Return the output preceded by 'Output:'
Input: lug dax
Output: blue green

Input: wif zup
Output: red yellow

Input: lug bluf
Output: blue blue

Input: wif walm
Output: red red red

Input: lug walm dax bluf
Output: blue blue blue green green

Let's think step by step about what the translation could be. Remember to write down 'Output:' before your final answer.
Input: zup walm lug
",Output: yellow red blue,yellow yellow yellow blue,False
"Return the output preceded by 'Output:'
Input: lug dax
Output: blue green

Input: wif zup
Output: red yellow

Input: lug bluf
Output: blue blue

Input: wif walm
Output: red red red

Input: lug walm dax bluf
Output: blue blue blue green green

Let's think step by step about what the translation could be. Remember to write down 'Output:' before your final answer.
Input: zup
",Output: yellow,yellow,True
"Return the output preceded by 'Output:'
Input: lug dax
Output: blue green

Input: wif zup
Output: red yellow

Input: lug bluf
Output: blue blue

Input: wif walm
Output: red red red

Input: lug walm dax bluf
Output: blue blue blue green green

Let's think step by step about what the translation could be. Remember to write down 'Output:' before your final answer.
Input: wif bluf zup lug wif
",Output: red blue yellow blue red,red red yellow blue red,False
"Return the output preceded by 'Output:'
Input: lug dax
Output: blue green

Input: wif zup
Output: red yellow

Input: lug bluf
Output: blue blue

Input: wif walm
Output: red red red

Input: lug walm dax bluf
Output: blue blue blue green green

Let's think step by step about what the translation could be. Remember to write down 'Output:' before your final answer.
Input: lug dax zup lug dax bluf
",Output: blue green yellow blue green blue,blue green yellow blue green green,False
"Return the output preceded by 'Output:'
Input: lug dax
Output: blue green

Input: wif zup
Output: red yellow

Input: lug bluf
Output: blue blue

Input: wif walm
Output: red red red

Input: lug walm dax bluf
Output: blue blue blue green green

Let's think step by step about what the translation could be. Remember to write down 'Output:' before your final answer.
Input: wif
",Output: red,red,True
"Return the output preceded by 'Output:'
Input: lug dax
Output: blue green

Input: wif zup
Output: red yellow

Input: lug bluf
Output: blue blue

Input: wif walm
Output: red red red

Input: lug walm dax bluf
Output: blue blue blue green green

Let's think step by step about what the translation could be. Remember to write down 'Output:' before your final answer.
Input: dax zup lug
",Output: green yellow blue,green yellow blue,True
"Return the output preceded by 'Output:'
Input: lug dax
Output: blue green

Input: wif zup
Output: red yellow

Input: lug bluf
Output: blue blue

Input: wif walm
Output: red red red

Input: lug walm dax bluf
Output: blue blue blue green green

Let's think step by step about what the translation could be. Remember to write down 'Output:' before your final answer.
Input: wif
",Output: red,red,True
"Return the output preceded by 'Output:'
Input: lug dax
Output: blue green

Input: wif zup
Output: red yellow

Input: lug bluf
Output: blue blue

Input: wif walm
Output: red red red

Input: lug walm dax bluf
Output: blue blue blue green green

Let's think step by step about what the translation could be. Remember to write down 'Output:' before your final answer.
Input: dax wif
",Output: red red,green red,False
"Return the output preceded by 'Output:'
Input: lug dax
Output: blue green

Input: wif zup
Output: red yellow

Input: lug bluf
Output: blue blue

Input: wif walm
Output: red red red

Input: lug walm dax bluf
Output: blue blue blue green green

Let's think step by step about what the translation could be. Remember to write down 'Output:' before your final answer.
Input: lug zup walm dax lug zup
",Output: blue yellow red green blue yellow,blue yellow yellow yellow green blue yellow,False
"Return the output preceded by 'Output:'
Input: lug dax
Output: blue green

Input: wif zup
Output: red yellow

Input: lug bluf
Output: blue blue

Input: wif walm
Output: red red red

Input: lug walm dax bluf
Output: blue blue blue green green

Let's think step by step about what the translation could be. Remember to write down 'Output:' before your final answer.
Input: wif dax
",Output: red green,red green,True
"Return the output preceded by 'Output:'
Input: lug dax
Output: blue green

Input: wif zup
Output: red yellow

Input: lug bluf
Output: blue blue

Input: wif walm
Output: red red red

Input: lug walm dax bluf
Output: blue blue blue green green

Let's think step by step about what the translation could be. Remember to write down 'Output:' before your final answer.
Input: zup lug zup lug
",Output: yellow blue yellow blue,yellow blue yellow blue,True
"Return the output preceded by 'Output:'
Input: lug dax
Output: blue green

Input: wif zup
Output: red yellow

Input: lug bluf
Output: blue blue

Input: wif walm
Output: red red red

Input: lug walm dax bluf
Output: blue blue blue green green

Let's think step by step about what the translation could be. Remember to write down 'Output:' before your final answer.
Input: zup walm lug
",Output: yellow red blue,yellow yellow yellow blue,False
"Return the output preceded by 'Output:'
Input: lug dax
Output: blue green

Input: wif zup
Output: red yellow

Input: lug bluf
Output: blue blue

Input: wif walm
Output: red red red

Input: lug walm dax bluf
Output: blue blue blue green green

Let's think step by step about what the translation could be. Remember to write down 'Output:' before your final answer.
Input: zup walm lug walm wif zup dax
",Output: yellow red blue red red red green,yellow yellow yellow blue blue blue red yellow green,False
"Return the output preceded by 'Output:'
Input: lug dax
Output: blue green

Input: wif zup
Output: red yellow

Input: lug bluf
Output: blue blue

Input: wif walm
Output: red red red

Input: lug walm dax bluf
Output: blue blue blue green green

Let's think step by step about what the translation could be. Remember to write down 'Output:' before your final answer.
Input: zup
",Output: yellow,yellow,True
"Return the output preceded by 'Output:'
Input: lug dax
Output: blue green

Input: wif zup
Output: red yellow

Input: lug bluf
Output: blue blue

Input: wif walm
Output: red red red

Input: lug walm dax bluf
Output: blue blue blue green green

Let's think step by step about what the translation could be. Remember to write down 'Output:' before your final answer.
Input: wif
",Output: red,red,True
"Return the output preceded by 'Output:'
Input: lug dax
Output: blue green

Input: wif zup
Output: red yellow

Input: lug bluf
Output: blue blue

Input: wif walm
Output: red red red

Input: lug walm dax bluf
Output: blue blue blue green green

Let's think step by step about what the translation could be. Remember to write down 'Output:' before your final answer.
Input: zup lug
",Output: yellow blue,yellow blue,True
"Return the output preceded by 'Output:'
Input: lug dax
Output: blue green

Input: wif zup
Output: red yellow

Input: lug bluf
Output: blue blue

Input: wif walm
Output: red red red

Input: lug walm dax bluf
Output: blue blue blue green green

Let's think step by step about what the translation could be. Remember to write down 'Output:' before your final answer.
Input: dax lug wif lug
",Output: green blue red blue,green blue red blue,True
"Return the output preceded by 'Output:'
Input: lug dax
Output: blue green

Input: wif zup
Output: red yellow

Input: lug bluf
Output: blue blue

Input: wif walm
Output: red red red

Input: lug walm dax bluf
Output: blue blue blue green green

Let's think step by step about what the translation could be. Remember to write down 'Output:' before your final answer.
Input: zup walm
",Output: yellow red,yellow yellow yellow,False
"Return the output preceded by 'Output:'
Input: lug dax
Output: blue green

Input: wif zup
Output: red yellow

Input: lug bluf
Output: blue blue

Input: wif walm
Output: red red red

Input: lug walm dax bluf
Output: blue blue blue green green

Let's think step by step about what the translation could be. Remember to write down 'Output:' before your final answer.
Input: lug
",Output: blue,blue,True
"Return the output preceded by 'Output:'
Input: lug dax
Output: blue green

Input: wif zup
Output: red yellow

Input: lug bluf
Output: blue blue

Input: wif walm
Output: red red red

Input: lug walm dax bluf
Output: blue blue blue green green

Let's think step by step about what the translation could be. Remember to write down 'Output:' before your final answer.
Input: wif
",Output: red,red,True
"Return the output preceded by 'Output:'
Input: lug dax
Output: blue green

Input: wif zup
Output: red yellow

Input: lug bluf
Output: blue blue

Input: wif walm
Output: red red red

Input: lug walm dax bluf
Output: blue blue blue green green

Let's think step by step about what the translation could be. Remember to write down 'Output:' before your final answer.
Input: dax wif zup bluf
",Output: yellow red red blue,green red yellow yellow,False
"Return the output preceded by 'Output:'
Input: lug dax
Output: blue green

Input: wif zup
Output: red yellow

Input: lug bluf
Output: blue blue

Input: wif walm
Output: red red red

Input: lug walm dax bluf
Output: blue blue blue green green

Let's think step by step about what the translation could be. Remember to write down 'Output:' before your final answer.
Input: lug bluf dax
",Output: blue blue green,blue blue green,True
"Return the output preceded by 'Output:'
Input: lug dax
Output: blue green

Input: wif zup
Output: red yellow

Input: lug bluf
Output: blue blue

Input: wif walm
Output: red red red

Input: lug walm dax bluf
Output: blue blue blue green green

Let's think step by step about what the translation could be. Remember to write down 'Output:' before your final answer.
Input: wif
",Output: red,red,True
"Return the output preceded by 'Output:'
Input: lug dax
Output: blue green

Input: wif zup
Output: red yellow

Input: lug bluf
Output: blue blue

Input: wif walm
Output: red red red

Input: lug walm dax bluf
Output: blue blue blue green green

Let's think step by step about what the translation could be. Remember to write down 'Output:' before your final answer.
Input: lug
",Output: blue,blue,True
"Return the output preceded by 'Output:'
Input: lug dax
Output: blue green

Input: wif zup
Output: red yellow

Input: lug bluf
Output: blue blue

Input: wif walm
Output: red red red

Input: lug walm dax bluf
Output: blue blue blue green green

Let's think step by step about what the translation could be. Remember to write down 'Output:' before your final answer.
Input: zup walm
","Output: yellow red
Explanation: Looking at the given input-output pairs, we can clearly see that the first word in the input corresponds to ""red"" in the output and the second word in the input corresponds to ""yellow"" in the output. Therefore, the translation for the given input is ""yellow red"".",yellow yellow yellow,False
"Return the output preceded by 'Output:'
Input: lug dax
Output: blue green

Input: wif zup
Output: red yellow

Input: lug bluf
Output: blue blue

Input: wif walm
Output: red red red

Input: lug walm dax bluf
Output: blue blue blue green green

Let's think step by step about what the translation could be. Remember to write down 'Output:' before your final answer.
Input: dax lug
",Output: green blue,green blue,True
"Return the output preceded by 'Output:'
Input: lug dax
Output: blue green

Input: wif zup
Output: red yellow

Input: lug bluf
Output: blue blue

Input: wif walm
Output: red red red

Input: lug walm dax bluf
Output: blue blue blue green green

Let's think step by step about what the translation could be. Remember to write down 'Output:' before your final answer.
Input: dax lug
",Output: green blue,green blue,True
"Return the output preceded by 'Output:'
Input: lug dax
Output: blue green

Input: wif zup
Output: red yellow

Input: lug bluf
Output: blue blue

Input: wif walm
Output: red red red

Input: lug walm dax bluf
Output: blue blue blue green green

Let's think step by step about what the translation could be. Remember to write down 'Output:' before your final answer.
Input: wif
",Output: red,red,True
"Return the output preceded by 'Output:'
Input: lug dax
Output: blue green

Input: wif zup
Output: red yellow

Input: lug bluf
Output: blue blue

Input: wif walm
Output: red red red

Input: lug walm dax bluf
Output: blue blue blue green green

Let's think step by step about what the translation could be. Remember to write down 'Output:' before your final answer.
Input: dax lug
",Output: green blue,green blue,True
"Return the output preceded by 'Output:'
Input: lug dax
Output: blue green

Input: wif zup
Output: red yellow

Input: lug bluf
Output: blue blue

Input: wif walm
Output: red red red

Input: lug walm dax bluf
Output: blue blue blue green green

Let's think step by step about what the translation could be. Remember to write down 'Output:' before your final answer.
Input: wif zup dax
",Output: red yellow green,red yellow green,True
"Return the output preceded by 'Output:'
Input: lug dax
Output: blue green

Input: wif zup
Output: red yellow

Input: lug bluf
Output: blue blue

Input: wif walm
Output: red red red

Input: lug walm dax bluf
Output: blue blue blue green green

Let's think step by step about what the translation could be. Remember to write down 'Output:' before your final answer.
Input: wif dax wif dax
",Output: red green red green red yellow red yellow,red green red green,False
"Return the output preceded by 'Output:'
Input: lug dax
Output: blue green

Input: wif zup
Output: red yellow

Input: lug bluf
Output: blue blue

Input: wif walm
Output: red red red

Input: lug walm dax bluf
Output: blue blue blue green green

Let's think step by step about what the translation could be. Remember to write down 'Output:' before your final answer.
Input: wif
",Output: red,red,True
"Return the output preceded by 'Output:'
Input: lug dax
Output: blue green

Input: wif zup
Output: red yellow

Input: lug bluf
Output: blue blue

Input: wif walm
Output: red red red

Input: lug walm dax bluf
Output: blue blue blue green green

Let's think step by step about what the translation could be. Remember to write down 'Output:' before your final answer.
Input: lug
",Output: blue,blue,True
"Return the output preceded by 'Output:'
Input: lug dax
Output: blue green

Input: wif zup
Output: red yellow

Input: lug bluf
Output: blue blue

Input: wif walm
Output: red red red

Input: lug walm dax bluf
Output: blue blue blue green green

Let's think step by step about what the translation could be. Remember to write down 'Output:' before your final answer.
Input: dax lug zup
",Output: green blue red,green blue yellow,False
"Return the output preceded by 'Output:'
Input: lug dax
Output: blue green

Input: wif zup
Output: red yellow

Input: lug bluf
Output: blue blue

Input: wif walm
Output: red red red

Input: lug walm dax bluf
Output: blue blue blue green green

Let's think step by step about what the translation could be. Remember to write down 'Output:' before your final answer.
Input: dax zup walm
",Output: green yellow red,green yellow yellow yellow,False
"Return the output preceded by 'Output:'
Input: lug dax
Output: blue green

Input: wif zup
Output: red yellow

Input: lug bluf
Output: blue blue

Input: wif walm
Output: red red red

Input: lug walm dax bluf
Output: blue blue blue green green

Let's think step by step about what the translation could be. Remember to write down 'Output:' before your final answer.
Input: dax
",Output: blue,green,False
"Return the output preceded by 'Output:'
Input: lug dax
Output: blue green

Input: wif zup
Output: red yellow

Input: lug bluf
Output: blue blue

Input: wif walm
Output: red red red

Input: lug walm dax bluf
Output: blue blue blue green green

Let's think step by step about what the translation could be. Remember to write down 'Output:' before your final answer.
Input: lug zup
",Output: blue yellow,blue yellow,True
"Return the output preceded by 'Output:'
Input: lug dax
Output: blue green

Input: wif zup
Output: red yellow

Input: lug bluf
Output: blue blue

Input: wif walm
Output: red red red

Input: lug walm dax bluf
Output: blue blue blue green green

Let's think step by step about what the translation could be. Remember to write down 'Output:' before your final answer.
Input: wif zup bluf
",Output: red yellow blue,red yellow yellow,False
"Return the output preceded by 'Output:'
Input: lug dax
Output: blue green

Input: wif zup
Output: red yellow

Input: lug bluf
Output: blue blue

Input: wif walm
Output: red red red

Input: lug walm dax bluf
Output: blue blue blue green green

Let's think step by step about what the translation could be. Remember to write down 'Output:' before your final answer.
Input: wif walm
",Output: red red,red red red,False
"Return the output preceded by 'Output:'
Input: lug dax
Output: blue green

Input: wif zup
Output: red yellow

Input: lug bluf
Output: blue blue

Input: wif walm
Output: red red red

Input: lug walm dax bluf
Output: blue blue blue green green

Let's think step by step about what the translation could be. Remember to write down 'Output:' before your final answer.
Input: dax wif
",Output: yellow red,green red,False
"Return the output preceded by 'Output:'
Input: lug dax
Output: blue green

Input: wif zup
Output: red yellow

Input: lug bluf
Output: blue blue

Input: wif walm
Output: red red red

Input: lug walm dax bluf
Output: blue blue blue green green

Let's think step by step about what the translation could be. Remember to write down 'Output:' before your final answer.
Input: zup dax
",Output: yellow green,yellow green,True
"Return the output preceded by 'Output:'
Input: lug dax
Output: blue green

Input: wif zup
Output: red yellow

Input: lug bluf
Output: blue blue

Input: wif walm
Output: red red red

Input: lug walm dax bluf
Output: blue blue blue green green

Let's think step by step about what the translation could be. Remember to write down 'Output:' before your final answer.
Input: lug dax
",Output: blue green,blue green,True
"Return the output preceded by 'Output:'
Input: lug dax
Output: blue green

Input: wif zup
Output: red yellow

Input: lug bluf
Output: blue blue

Input: wif walm
Output: red red red

Input: lug walm dax bluf
Output: blue blue blue green green

Let's think step by step about what the translation could be. Remember to write down 'Output:' before your final answer.
Input: lug zup walm dax lug
",Output: blue yellow red green blue,blue yellow yellow yellow green blue,False
"Return the output preceded by 'Output:'
Input: lug dax
Output: blue green

Input: wif zup
Output: red yellow

Input: lug bluf
Output: blue blue

Input: wif walm
Output: red red red

Input: lug walm dax bluf
Output: blue blue blue green green

Let's think step by step about what the translation could be. Remember to write down 'Output:' before your final answer.
Input: wif zup wif dax
",Output: red yellow red green,red yellow red green,True
"Return the output preceded by 'Output:'
Input: lug dax
Output: blue green

Input: wif zup
Output: red yellow

Input: lug bluf
Output: blue blue

Input: wif walm
Output: red red red

Input: lug walm dax bluf
Output: blue blue blue green green

Let's think step by step about what the translation could be. Remember to write down 'Output:' before your final answer.
Input: zup bluf lug walm
",Output: yellow blue blue red,yellow yellow blue blue blue,False
"Return the output preceded by 'Output:'
Input: lug dax
Output: blue green

Input: wif zup
Output: red yellow

Input: lug bluf
Output: blue blue

Input: wif walm
Output: red red red

Input: lug walm dax bluf
Output: blue blue blue green green

Let's think step by step about what the translation could be. Remember to write down 'Output:' before your final answer.
Input: dax zup dax lug dax
",Output: green yellow green blue green,green yellow green blue green,True
"Return the output preceded by 'Output:'
Input: lug dax
Output: blue green

Input: wif zup
Output: red yellow

Input: lug bluf
Output: blue blue

Input: wif walm
Output: red red red

Input: lug walm dax bluf
Output: blue blue blue green green

Let's think step by step about what the translation could be. Remember to write down 'Output:' before your final answer.
Input: lug
",Output: blue,blue,True
"Return the output preceded by 'Output:'
Input: lug dax
Output: blue green

Input: wif zup
Output: red yellow

Input: lug bluf
Output: blue blue

Input: wif walm
Output: red red red

Input: lug walm dax bluf
Output: blue blue blue green green

Let's think step by step about what the translation could be. Remember to write down 'Output:' before your final answer.
Input: dax
",Output: green,green,True
"Return the output preceded by 'Output:'
Input: lug dax
Output: blue green

Input: wif zup
Output: red yellow

Input: lug bluf
Output: blue blue

Input: wif walm
Output: red red red

Input: lug walm dax bluf
Output: blue blue blue green green

Let's think step by step about what the translation could be. Remember to write down 'Output:' before your final answer.
Input: wif dax wif lug walm zup
",Output: red green red blue red yellow,red green red blue blue blue yellow,False
"Return the output preceded by 'Output:'
Input: lug dax
Output: blue green

Input: wif zup
Output: red yellow

Input: lug bluf
Output: blue blue

Input: wif walm
Output: red red red

Input: lug walm dax bluf
Output: blue blue blue green green

Let's think step by step about what the translation could be. Remember to write down 'Output:' before your final answer.
Input: lug dax zup wif
",Output: blue green red yellow,blue green yellow red,False
"Return the output preceded by 'Output:'
Input: lug dax
Output: blue green

Input: wif zup
Output: red yellow

Input: lug bluf
Output: blue blue

Input: wif walm
Output: red red red

Input: lug walm dax bluf
Output: blue blue blue green green

Let's think step by step about what the translation could be. Remember to write down 'Output:' before your final answer.
Input: lug dax
",Output: blue green,blue green,True
"Return the output preceded by 'Output:'
Input: lug dax
Output: blue green

Input: wif zup
Output: red yellow

Input: lug bluf
Output: blue blue

Input: wif walm
Output: red red red

Input: lug walm dax bluf
Output: blue blue blue green green

Let's think step by step about what the translation could be. Remember to write down 'Output:' before your final answer.
Input: lug wif
",Output: blue red,blue red,True
"Return the output preceded by 'Output:'
Input: lug dax
Output: blue green

Input: wif zup
Output: red yellow

Input: lug bluf
Output: blue blue

Input: wif walm
Output: red red red

Input: lug walm dax bluf
Output: blue blue blue green green

Let's think step by step about what the translation could be. Remember to write down 'Output:' before your final answer.
Input: zup dax walm wif
",Output: yellow blue red red,yellow green green green red,False
"Return the output preceded by 'Output:'
Input: lug dax
Output: blue green

Input: wif zup
Output: red yellow

Input: lug bluf
Output: blue blue

Input: wif walm
Output: red red red

Input: lug walm dax bluf
Output: blue blue blue green green

Let's think step by step about what the translation could be. Remember to write down 'Output:' before your final answer.
Input: dax lug walm dax walm
",Output: green blue red green red,green blue blue blue green green green,False
"Return the output preceded by 'Output:'
Input: lug dax
Output: blue green

Input: wif zup
Output: red yellow

Input: lug bluf
Output: blue blue

Input: wif walm
Output: red red red

Input: lug walm dax bluf
Output: blue blue blue green green

Let's think step by step about what the translation could be. Remember to write down 'Output:' before your final answer.
Input: wif
",Output: red,red,True
"Return the output preceded by 'Output:'
Input: lug dax
Output: blue green

Input: wif zup
Output: red yellow

Input: lug bluf
Output: blue blue

Input: wif walm
Output: red red red

Input: lug walm dax bluf
Output: blue blue blue green green

Let's think step by step about what the translation could be. Remember to write down 'Output:' before your final answer.
Input: zup dax lug walm zup
",Output: yellow green blue red yellow,yellow green blue blue blue yellow,False
"Return the output preceded by 'Output:'
Input: lug dax
Output: blue green

Input: wif zup
Output: red yellow

Input: lug bluf
Output: blue blue

Input: wif walm
Output: red red red

Input: lug walm dax bluf
Output: blue blue blue green green

Let's think step by step about what the translation could be. Remember to write down 'Output:' before your final answer.
Input: wif
",Output: red,red,True
"Return the output preceded by 'Output:'
Input: lug dax
Output: blue green

Input: wif zup
Output: red yellow

Input: lug bluf
Output: blue blue

Input: wif walm
Output: red red red

Input: lug walm dax bluf
Output: blue blue blue green green

Let's think step by step about what the translation could be. Remember to write down 'Output:' before your final answer.
Input: lug
",Output: blue,blue,True
"Return the output preceded by 'Output:'
Input: lug dax
Output: blue green

Input: wif zup
Output: red yellow

Input: lug bluf
Output: blue blue

Input: wif walm
Output: red red red

Input: lug walm dax bluf
Output: blue blue blue green green

Let's think step by step about what the translation could be. Remember to write down 'Output:' before your final answer.
Input: zup
",Output: yellow,yellow,True
"Return the output preceded by 'Output:'
Input: lug dax
Output: blue green

Input: wif zup
Output: red yellow

Input: lug bluf
Output: blue blue

Input: wif walm
Output: red red red

Input: lug walm dax bluf
Output: blue blue blue green green

Let's think step by step about what the translation could be. Remember to write down 'Output:' before your final answer.
Input: wif
",Output: red,red,True
"Return the output preceded by 'Output:'
Input: lug dax
Output: blue green

Input: wif zup
Output: red yellow

Input: lug bluf
Output: blue blue

Input: wif walm
Output: red red red

Input: lug walm dax bluf
Output: blue blue blue green green

Let's think step by step about what the translation could be. Remember to write down 'Output:' before your final answer.
Input: lug walm
",Output: blue red,blue blue blue,False
"Return the output preceded by 'Output:'
Input: lug dax
Output: blue green

Input: wif zup
Output: red yellow

Input: lug bluf
Output: blue blue

Input: wif walm
Output: red red red

Input: lug walm dax bluf
Output: blue blue blue green green

Let's think step by step about what the translation could be. Remember to write down 'Output:' before your final answer.
Input: zup dax zup wif walm
",Output: yellow green yellow red red red,yellow green yellow red red red,True
"Return the output preceded by 'Output:'
Input: lug dax
Output: blue green

Input: wif zup
Output: red yellow

Input: lug bluf
Output: blue blue

Input: wif walm
Output: red red red

Input: lug walm dax bluf
Output: blue blue blue green green

Let's think step by step about what the translation could be. Remember to write down 'Output:' before your final answer.
Input: zup wif dax lug bluf zup
",Output: yellow red blue blue green yellow,yellow red green blue blue yellow,False
"Return the output preceded by 'Output:'
Input: lug dax
Output: blue green

Input: wif zup
Output: red yellow

Input: lug bluf
Output: blue blue

Input: wif walm
Output: red red red

Input: lug walm dax bluf
Output: blue blue blue green green

Let's think step by step about what the translation could be. Remember to write down 'Output:' before your final answer.
Input: lug dax
",Output: blue green,blue green,True
"Return the output preceded by 'Output:'
Input: lug dax
Output: blue green

Input: wif zup
Output: red yellow

Input: lug bluf
Output: blue blue

Input: wif walm
Output: red red red

Input: lug walm dax bluf
Output: blue blue blue green green

Let's think step by step about what the translation could be. Remember to write down 'Output:' before your final answer.
Input: lug wif dax walm
",Output: blue red green red,blue red green green green,False
"Return the output preceded by 'Output:'
Input: lug dax
Output: blue green

Input: wif zup
Output: red yellow

Input: lug bluf
Output: blue blue

Input: wif walm
Output: red red red

Input: lug walm dax bluf
Output: blue blue blue green green

Let's think step by step about what the translation could be. Remember to write down 'Output:' before your final answer.
Input: wif lug
",Output: red blue,red blue,True
"Return the output preceded by 'Output:'
Input: lug dax
Output: blue green

Input: wif zup
Output: red yellow

Input: lug bluf
Output: blue blue

Input: wif walm
Output: red red red

Input: lug walm dax bluf
Output: blue blue blue green green

Let's think step by step about what the translation could be. Remember to write down 'Output:' before your final answer.
Input: dax walm
",Output: green red,green green green,False
"Return the output preceded by 'Output:'
Input: lug dax
Output: blue green

Input: wif zup
Output: red yellow

Input: lug bluf
Output: blue blue

Input: wif walm
Output: red red red

Input: lug walm dax bluf
Output: blue blue blue green green

Let's think step by step about what the translation could be. Remember to write down 'Output:' before your final answer.
Input: lug
",Output: blue,blue,True
"Return the output preceded by 'Output:'
Input: lug dax
Output: blue green

Input: wif zup
Output: red yellow

Input: lug bluf
Output: blue blue

Input: wif walm
Output: red red red

Input: lug walm dax bluf
Output: blue blue blue green green

Let's think step by step about what the translation could be. Remember to write down 'Output:' before your final answer.
Input: wif walm lug
",Output: red red blue,red red red blue,False
"Return the output preceded by 'Output:'
Input: lug dax
Output: blue green

Input: wif zup
Output: red yellow

Input: lug bluf
Output: blue blue

Input: wif walm
Output: red red red

Input: lug walm dax bluf
Output: blue blue blue green green

Let's think step by step about what the translation could be. Remember to write down 'Output:' before your final answer.
Input: zup
",Output: yellow,yellow,True
"Return the output preceded by 'Output:'
Input: lug dax
Output: blue green

Input: wif zup
Output: red yellow

Input: lug bluf
Output: blue blue

Input: wif walm
Output: red red red

Input: lug walm dax bluf
Output: blue blue blue green green

Let's think step by step about what the translation could be. Remember to write down 'Output:' before your final answer.
Input: lug zup
",Output: blue yellow,blue yellow,True
"Return the output preceded by 'Output:'
Input: lug dax
Output: blue green

Input: wif zup
Output: red yellow

Input: lug bluf
Output: blue blue

Input: wif walm
Output: red red red

Input: lug walm dax bluf
Output: blue blue blue green green

Let's think step by step about what the translation could be. Remember to write down 'Output:' before your final answer.
Input: lug
",Output: blue,blue,True
"Return the output preceded by 'Output:'
Input: lug dax
Output: blue green

Input: wif zup
Output: red yellow

Input: lug bluf
Output: blue blue

Input: wif walm
Output: red red red

Input: lug walm dax bluf
Output: blue blue blue green green

Let's think step by step about what the translation could be. Remember to write down 'Output:' before your final answer.
Input: zup lug walm zup lug
",Output: yellow blue red yellow blue,yellow blue blue blue yellow blue,False
"Return the output preceded by 'Output:'
Input: lug dax
Output: blue green

Input: wif zup
Output: red yellow

Input: lug bluf
Output: blue blue

Input: wif walm
Output: red red red

Input: lug walm dax bluf
Output: blue blue blue green green

Let's think step by step about what the translation could be. Remember to write down 'Output:' before your final answer.
Input: dax zup dax wif
",Output: yellow yellow red red,green yellow green red,False
"Return the output preceded by 'Output:'
Input: lug dax
Output: blue green

Input: wif zup
Output: red yellow

Input: lug bluf
Output: blue blue

Input: wif walm
Output: red red red

Input: lug walm dax bluf
Output: blue blue blue green green

Let's think step by step about what the translation could be. Remember to write down 'Output:' before your final answer.
Input: lug dax walm lug
",Output: blue green red blue,blue green green green blue,False
"Return the output preceded by 'Output:'
Input: lug dax
Output: blue green

Input: wif zup
Output: red yellow

Input: lug bluf
Output: blue blue

Input: wif walm
Output: red red red

Input: lug walm dax bluf
Output: blue blue blue green green

Let's think step by step about what the translation could be. Remember to write down 'Output:' before your final answer.
Input: dax walm
",Output: green red,green green green,False
"Return the output preceded by 'Output:'
Input: lug dax
Output: blue green

Input: wif zup
Output: red yellow

Input: lug bluf
Output: blue blue

Input: wif walm
Output: red red red

Input: lug walm dax bluf
Output: blue blue blue green green

Let's think step by step about what the translation could be. Remember to write down 'Output:' before your final answer.
Input: zup wif zup
",Output: yellow red yellow,yellow red yellow,True
"Return the output preceded by 'Output:'
Input: lug dax
Output: blue green

Input: wif zup
Output: red yellow

Input: lug bluf
Output: blue blue

Input: wif walm
Output: red red red

Input: lug walm dax bluf
Output: blue blue blue green green

Let's think step by step about what the translation could be. Remember to write down 'Output:' before your final answer.
Input: wif
",Output: red,red,True
"Return the output preceded by 'Output:'
Input: lug dax
Output: blue green

Input: wif zup
Output: red yellow

Input: lug bluf
Output: blue blue

Input: wif walm
Output: red red red

Input: lug walm dax bluf
Output: blue blue blue green green

Let's think step by step about what the translation could be. Remember to write down 'Output:' before your final answer.
Input: dax zup bluf
",Output: green yellow blue,green yellow yellow,False
"Return the output preceded by 'Output:'
Input: lug dax
Output: blue green

Input: wif zup
Output: red yellow

Input: lug bluf
Output: blue blue

Input: wif walm
Output: red red red

Input: lug walm dax bluf
Output: blue blue blue green green

Let's think step by step about what the translation could be. Remember to write down 'Output:' before your final answer.
Input: wif dax wif
",Output: red green red red,red green red,False
"Return the output preceded by 'Output:'
Input: lug dax
Output: blue green

Input: wif zup
Output: red yellow

Input: lug bluf
Output: blue blue

Input: wif walm
Output: red red red

Input: lug walm dax bluf
Output: blue blue blue green green

Let's think step by step about what the translation could be. Remember to write down 'Output:' before your final answer.
Input: dax lug wif
",Output: green blue red,green blue red,True
"Return the output preceded by 'Output:'
Input: lug dax
Output: blue green

Input: wif zup
Output: red yellow

Input: lug bluf
Output: blue blue

Input: wif walm
Output: red red red

Input: lug walm dax bluf
Output: blue blue blue green green

Let's think step by step about what the translation could be. Remember to write down 'Output:' before your final answer.
Input: dax wif zup dax
",Output: red red yellow red,green red yellow green,False
"Return the output preceded by 'Output:'
Input: lug dax
Output: blue green

Input: wif zup
Output: red yellow

Input: lug bluf
Output: blue blue

Input: wif walm
Output: red red red

Input: lug walm dax bluf
Output: blue blue blue green green

Let's think step by step about what the translation could be. Remember to write down 'Output:' before your final answer.
Input: wif lug dax wif walm
",Output: red blue green red red,red blue green red red red,False
"Return the output preceded by 'Output:'
Input: lug dax
Output: blue green

Input: wif zup
Output: red yellow

Input: lug bluf
Output: blue blue

Input: wif walm
Output: red red red

Input: lug walm dax bluf
Output: blue blue blue green green

Let's think step by step about what the translation could be. Remember to write down 'Output:' before your final answer.
Input: zup bluf lug zup walm lug
","The given input-output pairs suggest a pattern where certain words are mapped to specific colors. Let's analyze this pattern based on the given examples:

- ""lug"" maps to ""blue""
- ""dax"" maps to ""green""
- ""wif"" maps to ""red""
- ""zup"" maps to ""yellow""
- ""bluf"" maps to ""blue""
- ""walm"" maps to ""red""

Based on this pattern, we can conclude that the translation depends on the individual words in the input.

Now, let's analyze the given input ""zup bluf lug zup walm lug"" step by step:
1. ""zup"" maps to ""yellow""
2. ""bluf"" maps to ""blue""
3. ""lug"" maps to ""blue""
4. ""zup"" maps to ""yellow""
5. ""walm"" maps to ""red""
6. ""lug"" maps to ""blue""

Therefore, the output for the given input would be ""yellow blue blue yellow red blue"". 

Putting it all together, the translation of the given input is:
Output: yellow blue blue yellow red blue",yellow yellow blue yellow yellow yellow blue,False
"Return the output preceded by 'Output:'
Input: lug dax
Output: blue green

Input: wif zup
Output: red yellow

Input: lug bluf
Output: blue blue

Input: wif walm
Output: red red red

Input: lug walm dax bluf
Output: blue blue blue green green

Let's think step by step about what the translation could be. Remember to write down 'Output:' before your final answer.
Input: wif bluf lug walm dax lug dax
",Output: red blue blue red red green,red red blue blue blue green blue green,False
"Return the output preceded by 'Output:'
Input: lug dax
Output: blue green

Input: wif zup
Output: red yellow

Input: lug bluf
Output: blue blue

Input: wif walm
Output: red red red

Input: lug walm dax bluf
Output: blue blue blue green green

Let's think step by step about what the translation could be. Remember to write down 'Output:' before your final answer.
Input: lug
",Output: blue,blue,True
"Return the output preceded by 'Output:'
Input: lug dax
Output: blue green

Input: wif zup
Output: red yellow

Input: lug bluf
Output: blue blue

Input: wif walm
Output: red red red

Input: lug walm dax bluf
Output: blue blue blue green green

Let's think step by step about what the translation could be. Remember to write down 'Output:' before your final answer.
Input: dax wif
",Output: red red,green red,False
"Return the output preceded by 'Output:'
Input: lug dax
Output: blue green

Input: wif zup
Output: red yellow

Input: lug bluf
Output: blue blue

Input: wif walm
Output: red red red

Input: lug walm dax bluf
Output: blue blue blue green green

Let's think step by step about what the translation could be. Remember to write down 'Output:' before your final answer.
Input: dax zup dax zup walm
",Output: green yellow green yellow red,green yellow green yellow yellow yellow,False
"Return the output preceded by 'Output:'
Input: lug dax
Output: blue green

Input: wif zup
Output: red yellow

Input: lug bluf
Output: blue blue

Input: wif walm
Output: red red red

Input: lug walm dax bluf
Output: blue blue blue green green

Let's think step by step about what the translation could be. Remember to write down 'Output:' before your final answer.
Input: lug dax bluf wif lug
",Output: blue green blue red blue,blue green green red blue,False
"Return the output preceded by 'Output:'
Input: lug dax
Output: blue green

Input: wif zup
Output: red yellow

Input: lug bluf
Output: blue blue

Input: wif walm
Output: red red red

Input: lug walm dax bluf
Output: blue blue blue green green

Let's think step by step about what the translation could be. Remember to write down 'Output:' before your final answer.
Input: wif
",Output: red,red,True
"Return the output preceded by 'Output:'
Input: lug dax
Output: blue green

Input: wif zup
Output: red yellow

Input: lug bluf
Output: blue blue

Input: wif walm
Output: red red red

Input: lug walm dax bluf
Output: blue blue blue green green

Let's think step by step about what the translation could be. Remember to write down 'Output:' before your final answer.
Input: zup wif dax
",Output: yellow red green,yellow red green,True
